speed_x,speed_y,omega,steering_angle
0.06957087126137841,0.0,0.0257293563793376,0.09219525009393692
0.09081057650628521,0.0,0.03358442468206372,0.09219525009393692
0.09081057650628521,0.0,0.03358442468206372,0.09219525009393692
0.10663198959687907,0.0,0.03943564903001278,0.09219525009393692
0.10663198959687907,0.0,0.03943564903001278,0.10296982526779175
0.42436064152579106,0.0,0.15694105853814028,0.10296982526779175
0.42436064152579106,0.0,0.15694105853814028,0.10296982526779175
0.6374078890333766,0.0,0.263466935775176,0.10296982526779175
0.6374078890333766,0.0,0.263466935775176,0.09219525009393692
0.9061551798872995,0.0,0.37455126095750113,0.09219525009393692
0.9061551798872995,0.0,0.37455126095750113,0.07603339105844498
1.0921109666233204,0.0,0.4514144472530132,0.07603339105844498
1.123320329432163,0.0,0.46431456243547675,0.07603339105844498
1.1153012570437797,0.0,0.41247123965131244,0.07603339105844498
1.1445600346770697,0.0,0.34877147352572835,0.07603339105844498
1.1445600346770697,0.0,0.34877147352572835,0.05717788264155388
1.1892067620286086,0.0,0.272282088271017,0.05717788264155388
1.1892067620286086,0.0,0.272282088271017,0.03832237422466278
1.2260511486779366,0.0,0.18803282137380112,0.03832237422466278
1.2260511486779366,0.0,0.18803282137380112,0.03024144470691679
1.251192024273949,0.0,0.15139757379038835,0.03024144470691679
1.251192024273949,0.0,0.15139757379038835,0.003305006539449092
1.2719982661465106,0.0,0.01681591157828956,0.003305006539449092
1.2719982661465106,0.0,0.01681591157828956,-0.016762744635343562
1.3058084091894235,0.0,0.08756393329576838,-0.016762744635343562
1.3058084091894235,0.0,0.08756393329576838,-0.035618249326944386
1.3391850888599914,0.0,0.08980208196424114,-0.035618249326944386
1.3391850888599914,0.0,0.08980208196424114,-0.04369917884469033
1.3710446467273516,0.0,0.23980676678018364,-0.04369917884469033
1.3881664499349804,0.0,0.24280150825593994,-0.04369917884469033
1.3881664499349804,0.0,0.24280150825593994,-0.051780115813016926
1.3881664499349804,0.0,0.24280150825593994,-0.06255468726158143
1.4081057650628521,0.0,0.35279475556387596,-0.06255468726158143
1.4252275682704811,0.0,0.357084548651385,-0.06255468726158143
1.4169917641959255,0.0,0.3550211038751149,-0.06255468726158143
1.4169917641959255,0.0,0.3550211038751149,-0.07063562422990803
1.4265279583875163,0.0,0.40372644448778194,-0.07063562422990803
1.4265279583875163,0.0,0.40372644448778194,-0.07063562422990803
1.4213263979193758,0.0,0.4022543334777991,-0.07063562422990803
1.423060251408756,0.0,0.4027450371477934,-0.07063562422990803
1.423060251408756,0.0,0.4027450371477934,-0.07063562422990803
1.423060251408756,0.0,0.4027450371477934,-0.0814101994037628
1.4187256176853056,0.0,0.4630182971827971,-0.0814101994037628
1.4187256176853056,0.0,0.4630182971827971,-0.08949112892150876
1.3103597745990463,0.0,0.47031851364102767,-0.08949112892150876
1.2082791504117902,0.0,0.4336794101139149,-0.08949112892150876
1.2082791504117902,0.0,0.4336794101139149,-0.0975720584392548
1.2392717815344603,0.0,0.4852139681811015,-0.0975720584392548
1.2589943649761595,0.0,0.492935981315848,-0.0975720584392548
1.2531426094495015,0.0,0.4906448345615826,-0.0975720584392548
1.2531426094495015,0.0,0.4906448345615826,-0.0975720584392548
1.2719982661465106,0.0,0.49802741854754895,-0.0975720584392548
1.2719982661465106,0.0,0.49802741854754895,-0.0975720584392548
1.2394885132206328,0.0,0.48529882546829656,-0.0975720584392548
1.2394885132206328,0.0,0.48529882546829656,-0.10834663361310957
1.2394885132206328,0.0,0.48529882546829656,-0.10834663361310957
1.1577806675335933,0.0,0.5037392259089795,-0.10834663361310957
0.9607715648027741,0.0,0.41802246133554966,-0.10834663361310957
0.9835283918508886,0.0,0.4279237377714244,-0.10834663361310957
0.9835283918508886,0.0,0.4279237377714244,-0.10834663361310957
1.0240572171651496,0.0,0.4455574396143633,-0.10834663361310957
1.1020806241872563,0.0,0.4795046731087909,-0.10834663361310957
1.1020806241872563,0.0,0.4795046731087909,-0.10834663361310957
1.099913307325531,0.0,0.4785616944006123,-0.10834663361310957
1.1315561335067186,0.0,0.4923291835400191,-0.10834663361310957
1.1315561335067186,0.0,0.4923291835400191,-0.10834663361310957
1.1469440832249675,0.0,0.49902433236808685,-0.10834663361310957
1.1469440832249675,0.0,0.49902433236808685,-0.10834663361310957
1.2808842652795838,0.0,0.5573004165335209,-0.10834663361310957
1.2808842652795838,0.0,0.5573004165335209,-0.10834663361310957
1.3188123103597746,0.0,0.5738025439266455,-0.10834663361310957
1.3188123103597746,0.0,0.5738025439266455,-0.10834663361310957
1.3584742089293456,0.0,0.591059054286313,-0.10834663361310957
1.4373645426961421,0.0,0.625383479264012,-0.10834663361310957
1.4373645426961421,0.0,0.625383479264012,-0.10834663361310957
1.5335934113567404,0.0,0.6672517339071395,-0.10834663361310957
1.642609449501517,0.0,0.7146835629285204,-0.10834663361310957
1.7438231469440832,0.0,0.7587206686004585,-0.10834663361310957
1.7438231469440832,0.0,0.7587206686004585,-0.10834663361310957
1.771348071087993,0.0,0.7706964981943261,-0.10834663361310957
1.8593411356740355,0.0,0.808981433746375,-0.10834663361310957
1.8593411356740355,0.0,0.808981433746375,-0.10834663361310957
1.872128305158214,0.0,0.8145450081246284,-0.10834663361310957
1.9633723450368443,0.0,0.8542444117389453,-0.10834663361310957
2.0240572171651494,0.0,0.8806478155679445,-0.10834663361310957
2.0674035543996534,0.0,0.8995073897315156,-0.10834663361310957
2.0674035543996534,0.0,0.8995073897315156,-0.10834663361310957
2.1211530125704376,0.0,0.9228932616943434,-0.10834663361310957
2.1452102297355875,0.0,0.9333603253551254,-0.10834663361310957
2.1452102297355875,0.0,0.9333603253551254,-0.10834663361310957
2.2100130039011705,0.0,0.961555388729664,-0.10834663361310957
2.195708712613784,0.0,0.9553317292556854,-0.10834663361310957
2.212397052449068,0.0,0.9625926653086602,-0.10834663361310957
2.212397052449068,0.0,0.9625926653086602,-0.10834663361310957
2.242739488513221,0.0,0.97579436722316,-0.10834663361310957
2.225834416991764,0.0,0.9684391332993673,-0.10834663361310957
2.225834416991764,0.0,0.9684391332993673,-0.10834663361310957
2.240355439965323,0.0,0.9747570906441635,-0.10834663361310957
2.2451235370611182,0.0,0.9768316438021563,-0.10834663361310957
2.231686172518422,0.0,0.9709851758114493,-0.10834663361310957
2.231686172518422,0.0,0.9709851758114493,-0.10834663361310957
2.241222366710013,0.0,0.9751342821274349,-0.10834663361310957
2.2334200260078023,0.0,0.9717395587779921,-0.10834663361310957
2.2334200260078023,0.0,0.9717395587779921,-0.10834663361310957
2.2347204161248375,0.0,0.9723053460028993,-0.10834663361310957
2.235370611183355,0.0,0.9725882396153529,-0.10834663361310957
2.232119635890767,0.0,0.971173771553085,-0.10834663361310957
2.232119635890767,0.0,0.971173771553085,-0.10834663361310957
2.2386215864759427,0.0,0.9740027076776206,-0.10834663361310957
2.283918508885999,0.0,0.9937109626785523,-0.10834663361310957
2.2581274382314693,0.0,0.9824895160512276,-0.10834663361310957
2.2581274382314693,0.0,0.9824895160512276,-0.10834663361310957
2.26679670567837,0.0,0.9862614308839418,-0.10834663361310957
2.2661465106198526,0.0,0.9859785372714882,-0.10834663361310957
2.2661465106198526,0.0,0.9859785372714882,-0.10834663361310957
2.256827048114434,0.0,0.9819237288263204,-0.10834663361310957
2.339835283918509,0.0,1.018039813349559,-0.10834663361310957
2.339835283918509,0.0,1.018039813349559,-0.10834663361310957
2.299739921976593,0.0,1.0005947072482557,-0.10834663361310957
2.2869527524924145,0.0,0.9950311328700023,-0.10834663361310957
2.2869527524924145,0.0,0.9950311328700023,-0.10834663361310957
2.3040745557000433,0.0,1.0024806646646127,-0.10834663361310957
2.287169484178587,0.0,0.9951254307408202,-0.10834663361310957
2.287169484178587,0.0,0.9951254307408202,-0.0975720584392548
2.2873862158647595,0.0,0.895583809056199,-0.0975720584392548
2.2873862158647595,0.0,0.895583809056199,-0.0975720584392548
2.32358040745557,0.0,0.9097549760177666,-0.0975720584392548
2.303641092327698,0.0,0.9019481055958252,-0.0975720584392548
2.3099263112267012,0.0,0.9044089669244806,-0.0975720584392548
2.3099263112267012,0.0,0.9044089669244806,-0.0975720584392548
2.319029042045947,0.0,0.9079729729866713,-0.0975720584392548
2.304291287386216,0.0,0.9022026774574102,-0.0975720584392548
2.304291287386216,0.0,0.9022026774574102,-0.0975720584392548
2.324013870827915,0.0,0.9099246905921566,-0.0975720584392548
2.315778066753359,0.0,0.906700113678746,-0.0975720584392548
2.314260944950152,0.0,0.906106112668381,-0.0975720584392548
2.314260944950152,0.0,0.906106112668381,-0.0975720584392548
2.32271348071088,0.0,0.9094155468689865,-0.0975720584392548
2.32271348071088,0.0,0.9094155468689865,-0.08949112892150876
2.3112267013437364,0.0,0.8295528662699172,-0.08949112892150876
2.3233636757693974,0.0,0.8339091078782364,-0.08949112892150876
2.325964456003468,0.0,0.8348425882228762,-0.08949112892150876
2.325964456003468,0.0,0.8348425882228762,-0.08949112892150876
2.3175119202427394,0.0,0.8318087771027968,-0.08949112892150876
2.318595578673602,0.0,0.8321977272463967,-0.08949112892150876
2.3159947984395317,0.0,0.8312642469017568,-0.08949112892150876
2.3159947984395317,0.0,0.8312642469017568,-0.08949112892150876
2.311876896402254,0.0,0.8297862363560772,-0.08949112892150876
2.3246640658864326,0.0,0.8343758480505562,-0.08949112892150876
2.3246640658864326,0.0,0.8343758480505562,-0.08949112892150876
2.311443433029909,0.0,0.8296306562986372,-0.08949112892150876
2.3144776766363244,0.0,0.830719716700717,-0.08949112892150876
2.3144776766363244,0.0,0.830719716700717,-0.08949112892150876
2.3129605548331167,0.0,0.8301751864996771,-0.08949112892150876
2.3077589943649763,0.0,0.8283082258103975,-0.08949112892150876
2.318595578673602,0.0,0.8321977272463967,-0.08949112892150876
2.318595578673602,0.0,0.8321977272463967,-0.08949112892150876
2.306892067620286,0.0,0.8279970656955176,-0.08949112892150876
2.3077589943649763,0.0,0.8283082258103975,-0.08949112892150876
2.3077589943649763,0.0,0.8283082258103975,-0.08949112892150876
2.315778066753359,0.0,0.8311864568730368,-0.08949112892150876
2.315778066753359,0.0,0.8311864568730368,-0.08949112892150876
2.3467706978760297,0.0,0.8423104309799948,-0.08949112892150876
2.377980060684872,0.0,0.8535121951156726,-0.08949112892150876
2.3827481577806675,0.0,0.8552235757475122,-0.08949112892150876
2.3827481577806675,0.0,0.8552235757475122,-0.08949112892150876
2.4191590810576504,0.0,0.8682923005724695,-0.08949112892150876
2.388816644993498,0.0,0.8574016965516718,-0.08949112892150876
2.394668400520156,0.0,0.8595020273271112,-0.08949112892150876
2.394668400520156,0.0,0.8595020273271112,-0.08949112892150876
2.4137407889033375,0.0,0.8663475498544699,-0.08949112892150876
2.393151278716948,0.0,0.8589574971260714,-0.08949112892150876
2.393151278716948,0.0,0.8589574971260714,-0.08949112892150876
2.411790203727785,0.0,0.8656474395959902,-0.08949112892150876
2.407238838318162,0.0,0.8640138489928704,-0.08949112892150876
2.399219765929779,0.0,0.8611356179302311,-0.08949112892150876
2.399219765929779,0.0,0.8611356179302311,-0.10834663361310957
2.4128738621586474,0.0,1.0498181958151758,-0.10834663361310957
2.4128738621586474,0.0,1.0498181958151758,-0.11642756313085553
2.4128738621586474,0.0,1.0498181958151758,-0.11642756313085553
2.426094495015171,0.0,1.134990126936194,-0.11642756313085553
2.426094495015171,0.0,1.134990126936194,-0.12450850009918212
2.426094495015171,0.0,1.134990126936194,-0.12450850009918212
2.517555266579974,0.0,1.260347651945422,-0.12450850009918212
2.517555266579974,0.0,1.260347651945422,-0.13528306782245636
2.6005635023840488,0.0,1.4158970760200147,-0.13528306782245636
2.6005635023840488,0.0,1.4158970760200147,-0.1433640122413635
2.6790203727785,0.0,1.546913012946319,-0.1433640122413635
2.6790203727785,0.0,1.546913012946319,-0.1433640122413635
2.7581274382314693,0.0,1.592590810027899,-0.1433640122413635
2.7581274382314693,0.0,1.592590810027899,-0.1433640122413635
2.846987429562202,0.0,1.6439001163387146,-0.1433640122413635
2.9581707845687037,0.0,1.708099321552003,-0.1433640122413635
2.9581707845687037,0.0,1.708099321552003,-0.15144494175910944
3.0537494581707847,0.0,1.8641734352017028,-0.15144494175910944
3.0726051148677938,0.0,1.8756839454119616,-0.15144494175910944
3.0726051148677938,0.0,1.8756839454119616,-0.15144494175910944
3.0795405288253144,0.0,1.879917696293896,-0.15144494175910944
3.1059817945383617,0.0,1.8960588715312705,-0.15144494175910944
3.128738621586476,0.0,1.9099508666126173,-0.15144494175910944
3.128738621586476,0.0,1.9099508666126173,-0.15144494175910944
3.1380580840918944,0.0,1.9156399693602166,-0.15144494175910944
3.149978326831383,0.0,1.9229167286885414,-0.15144494175910944
3.149978326831383,0.0,1.9229167286885414,-0.15144494175910944
3.166883398352839,0.0,1.933236496463256,-0.15144494175910944
3.1720849588209794,0.0,1.9364118096247067,-0.15144494175910944
3.178370177719983,0.0,1.9402486463614599,-0.15144494175910944
3.178370177719983,0.0,1.9402486463614599,-0.15144494175910944
3.1811876896402254,0.0,1.9419686076572455,-0.15144494175910944
3.184655396618986,0.0,1.9440854830982128,-0.15144494175910944
3.184655396618986,0.0,1.9440854830982128,-0.15144494175910944
3.184655396618986,0.0,1.9440854830982128,-0.15144494175910944
3.1870394451668833,0.0,1.9455408349638776,-0.15144494175910944
3.270914607715648,0.0,1.9967427596922707,-0.15144494175910944
3.222800173385349,0.0,1.9673711129488516,-0.15144494175910944
3.222800173385349,0.0,1.9673711129488516,-0.15144494175910944
3.2390550498482877,0.0,1.977293966578385,-0.15144494175910944
3.258344169917642,0.0,1.9890690862187648,-0.15144494175910944
3.258344169917642,0.0,1.9890690862187648,-0.15144494175910944
3.236887732986563,0.0,1.9759709194277808,-0.15144494175910944
3.2433896835717384,0.0,1.979940060879594,-0.15144494175910944
3.261161681837885,0.0,1.9907890475145507,-0.15144494175910944
3.261161681837885,0.0,1.9907890475145507,-0.15144494175910944
3.2488079757260513,0.0,1.9832476787561053,-0.15144494175910944
3.2453402687472908,0.0,1.981130803315138,-0.15144494175910944
3.2453402687472908,0.0,1.981130803315138,-0.15144494175910944
3.258344169917642,0.0,1.9890690862187648,-0.15144494175910944
3.2570437798006067,0.0,1.988275257928402,-0.15144494175910944
3.250108365843086,0.0,1.9840415070464676,-0.15144494175910944
3.250108365843086,0.0,1.9840415070464676,-0.13528306782245636
3.2548764629388818,0.0,1.7721428692114825,-0.13528306782245636
3.260078023407022,0.0,1.7749748993660353,-0.13528306782245636
3.260078023407022,0.0,1.7749748993660353,-0.13528306782245636
3.2468573905504985,0.0,1.7677768227232133,-0.13528306782245636
3.2440398786302556,0.0,1.766242806389497,-0.13528306782245636
3.2518422193324663,0.0,1.7704908516213265,-0.13528306782245636
3.2518422193324663,0.0,1.7704908516213265,-0.12450850009918212
3.2496749024707414,0.0,1.6268640403985588,-0.12450850009918212
3.239488513220633,0.0,1.6217644932531186,-0.12450850009918212
3.2507585609016036,0.0,1.6274065454140312,-0.12450850009918212
3.2507585609016036,0.0,1.6274065454140312,-0.12450850009918212
3.2522756827048114,0.0,1.6281660524356925,-0.12450850009918212
3.244256610316428,0.0,1.624151515321197,-0.12450850009918212
3.244256610316428,0.0,1.624151515321197,-0.12450850009918212
3.241222366710013,0.0,1.6226325012778744,-0.12450850009918212
3.247941048981361,0.0,1.625996032373803,-0.12450850009918212
3.247507585609016,0.0,1.625779030367614,-0.12450850009918212
3.247507585609016,0.0,1.625779030367614,-0.12450850009918212
3.2414390983961856,0.0,1.6227410022809687,-0.12450850009918212
3.2392717815344603,0.0,1.621655992250024,-0.12450850009918212
3.2392717815344603,0.0,1.621655992250024,-0.12450850009918212
3.250108365843086,0.0,1.6270810424047477,-0.12450850009918212
3.2481577806675337,0.0,1.6261045333768975,-0.12450850009918212
3.2481577806675337,0.0,1.6261045333768975,-0.12450850009918212
3.2481577806675337,0.0,1.6261045333768975,-0.12450850009918212
3.2401387082791504,0.0,1.6220899962624018,-0.12450850009918212
3.2410056350238405,0.0,1.6225240002747798,-0.12450850009918212
3.2440398786302556,0.0,1.6240430143181024,-0.12450850009918212
3.2440398786302556,0.0,1.6240430143181024,-0.13528306782245636
3.240355439965323,0.0,1.7642367850300222,-0.13528306782245636
3.2381881231035976,0.0,1.7630567724656252,-0.13528306782245636
3.2381881231035976,0.0,1.7630567724656252,-0.12450850009918212
3.2410056350238405,0.0,1.6225240002747798,-0.12450850009918212
3.2444733420026006,0.0,1.6242600163242913,-0.12450850009918212
3.2444733420026006,0.0,1.6242600163242913,-0.12450850009918212
3.242089293454703,0.0,1.6230665052902522,-0.12450850009918212
3.240788903337668,0.0,1.6224154992716853,-0.12450850009918212
3.240788903337668,0.0,1.6224154992716853,-0.12450850009918212
3.2451235370611182,0.0,1.6245855193335748,-0.12450850009918212
3.245773732119636,0.0,1.6249110223428582,-0.12450850009918212
3.237971391417425,0.0,1.621004986231457,-0.12450850009918212
3.237971391417425,0.0,1.621004986231457,-0.12450850009918212
3.2423060251408757,0.0,1.6231750062933468,-0.12450850009918212
3.2449068053749457,0.0,1.6244770183304802,-0.12450850009918212
3.2449068053749457,0.0,1.6244770183304802,-0.12450850009918212
3.237971391417425,0.0,1.621004986231457,-0.12450850009918212
3.2373211963589075,0.0,1.6206794832221736,-0.12450850009918212
3.2425227568270483,0.0,1.623283507296441,-0.12450850009918212
3.2425227568270483,0.0,1.623283507296441,-0.12450850009918212
3.244256610316428,0.0,1.624151515321197,-0.12450850009918212
3.2386215864759427,0.0,1.6213304892407405,-0.12450850009918212
3.2386215864759427,0.0,1.6213304892407405,-0.12450850009918212
3.235370611183355,0.0,1.6197029741943234,-0.12450850009918212
3.244256610316428,0.0,1.624151515321197,-0.12450850009918212
3.244256610316428,0.0,1.624151515321197,-0.0975720584392548
3.240355439965323,0.0,1.2687013008526844,-0.0975720584392548
3.233636757693975,0.0,1.2660707249496388,-0.0975720584392548
3.233636757693975,0.0,1.2660707249496388,-0.0975720584392548
3.2319029042045946,0.0,1.2653918666520787,-0.0975720584392548
3.230819245773732,0.0,1.2649675802161036,-0.0975720584392548
3.230819245773732,0.0,1.2649675802161036,-0.0975720584392548
3.228651928912007,0.0,1.2641190073441535,-0.0975720584392548
3.228651928912007,0.0,1.2641190073441535,-0.0814101994037628
3.227785002167317,0.0,1.2637795781953733,-0.0814101994037628
3.227785002167317,0.0,1.2637795781953733,-0.3400000035762787
3.256827048114434,0.0,3.5126016482623625,-0.3400000035762787
3.246207195491981,0.0,3.5011477665318207,-0.3400000035762787
3.2641959254443,0.0,3.520549239667228,-0.3400000035762787
3.2641959254443,0.0,3.520549239667228,-0.3400000035762787
3.2613784135240573,0.0,3.5175104547183094,-0.3400000035762787
3.2518422193324663,0.0,3.5072253364296593,-0.3400000035762787
3.2518422193324663,0.0,3.5072253364296593,-0.3400000035762787
3.2719982661465106,0.0,3.528964336448851,-0.3400000035762787
3.2719982661465106,0.0,3.528964336448851,-0.3400000035762787
3.263545730385782,0.0,3.519847981602093,-0.3400000035762787
3.263545730385782,0.0,3.519847981602093,-0.3400000035762787
3.273732119635891,0.0,3.5308343579558787,-0.3400000035762787
3.2774165583008235,0.0,3.5348081536583114,-0.3400000035762787
3.2774165583008235,0.0,3.5348081536583114,-0.3400000035762787
3.268747290853923,0.0,3.5254580461231755,-0.3400000035762787
3.2676636324230603,0.0,3.5242892826812833,-0.3400000035762787
3.2711313394018204,0.0,3.5280293256953374,-0.3400000035762787
3.2711313394018204,0.0,3.5280293256953374,-0.3400000035762787
3.2639791937581273,0.0,3.5203154869788498,-0.3400000035762787
3.26246207195492,0.0,3.5186792181602016,-0.3400000035762787
3.267446900736888,0.0,3.524055529992905,-0.3400000035762787
3.267446900736888,0.0,3.524055529992905,-0.3400000035762787
3.264629388816645,0.0,3.521016745043985,-0.3400000035762787
3.2518422193324663,0.0,3.5072253364296593,-0.3400000035762787
3.2518422193324663,0.0,3.5072253364296593,-0.3400000035762787
3.2661465106198526,0.0,3.522653013862634,-0.3400000035762787
3.2626788036410925,0.0,3.51891297084858,-0.3400000035762787
3.2626788036410925,0.0,3.51891297084858,-0.3400000035762787
3.2544429995665367,0.0,3.5100303686902,-0.3400000035762787
3.257260511486779,0.0,3.5130691536391194,-0.3400000035762787
3.262895535327265,0.0,3.5191467235369585,-0.3400000035762787
3.262895535327265,0.0,3.5191467235369585,-0.3400000035762787
3.2613784135240573,0.0,3.5175104547183094,-0.3400000035762787
3.261161681837885,0.0,3.517276702029931,-0.3400000035762787
3.261161681837885,0.0,3.517276702029931,-0.3400000035762787
3.262028608582575,0.0,3.5182117127834447,-0.3400000035762787
3.2665799739921977,0.0,3.523120519239391,-0.3400000035762787
3.2665799739921977,0.0,3.523120519239391,-0.3238381445407867
3.2626788036410925,0.0,3.51891297084858,-0.3238381445407867
3.2626788036410925,0.0,3.51891297084858,-0.3130635619163514
3.2563935847420895,0.0,3.512134142885606,-0.3130635619163514
3.2563935847420895,0.0,3.512134142885606,-0.3049826323986054
3.2618118768964024,0.0,3.5179779600950662,-0.3049826323986054
3.2644126571304724,0.0,3.5207829923556067,-0.3049826323986054
3.260511486779367,0.0,3.5165754439647956,-0.3049826323986054
3.260511486779367,0.0,3.5165754439647956,-0.3049826323986054
3.26246207195492,0.0,3.5186792181602016,-0.3049826323986054
3.2657130472475075,0.0,3.5221855084858773,-0.3049826323986054
3.2609449501517123,0.0,3.5170429493415525,-0.3049826323986054
3.2609449501517123,0.0,3.5170429493415525,-0.3049826323986054
3.258777633289987,0.0,3.514705422457768,-0.3049826323986054
3.2585609016038144,0.0,3.5144716697693896,-0.3049826323986054
3.2585609016038144,0.0,3.5144716697693896,-0.3049826323986054
3.261161681837885,0.0,3.517276702029931,-0.3049826323986054
3.259211096662332,0.0,3.515172927834525,-0.3049826323986054
3.258777633289987,0.0,3.514705422457768,-0.3049826323986054
3.258777633289987,0.0,3.514705422457768,-0.3049826323986054
3.2641959254443,0.0,3.520549239667228,-0.3049826323986054
3.264629388816645,0.0,3.521016745043985,-0.3049826323986054
3.264629388816645,0.0,3.521016745043985,-0.3049826323986054
3.2566103164282616,0.0,3.512367895573984,-0.3049826323986054
3.262028608582575,0.0,3.5182117127834447,-0.3049826323986054
3.263545730385782,0.0,3.519847981602093,-0.3049826323986054
3.263545730385782,0.0,3.519847981602093,-0.3049826323986054
3.2589943649761595,0.0,3.5149391751461465,-0.3049826323986054
3.259644560034677,0.0,3.515640433211282,-0.3049826323986054
3.2633289986996097,0.0,3.519614228913715,-0.3049826323986054
3.2633289986996097,0.0,3.519614228913715,-0.2969017028808594
3.263545730385782,0.0,3.519847981602093,-0.2969017028808594
3.263545730385782,0.0,3.519847981602093,-0.278046190738678
3.263545730385782,0.0,3.519847981602093,-0.2591906785964965
3.2618118768964024,0.0,3.459544648785828,-0.2591906785964965
3.2618118768964024,0.0,3.459544648785828,-0.22417332231998446
3.261161681837885,0.0,2.9742518812966057,-0.22417332231998446
3.261161681837885,0.0,2.9742518812966057,-0.17838138341903687
3.26506285218899,0.0,2.3547346784943644,-0.17838138341903687
3.26506285218899,0.0,2.3547346784943644,-0.15144494175910944
3.26506285218899,0.0,2.3547346784943644,-0.12450850009918212
3.2058951018638924,0.0,1.6049468377734748,-0.12450850009918212
3.1105331599479844,0.0,1.5572063964119058,-0.12450850009918212
3.1105331599479844,0.0,1.5572063964119058,-0.10834663361310957
3.02752492414391,0.0,1.3172469574546117,-0.10834663361310957
3.02752492414391,0.0,1.3172469574546117,-0.051780115813016926
2.9581707845687037,0.0,0.6132458755420128,-0.051780115813016926
2.9551365409622887,0.0,0.6126168593314781,-0.051780115813016926
2.9551365409622887,0.0,0.6126168593314781,-0.051780115813016926
2.9562201993931514,0.0,0.6128415079780977,-0.051780115813016926
2.9596879063719115,0.0,0.6135603836472802,-0.051780115813016926
2.9596879063719115,0.0,0.6135603836472802,-0.06255468726158143
2.963589076723017,0.0,0.7425143123873235,-0.06255468726158143
2.963589076723017,0.0,0.7425143123873235,-0.0814101994037628
2.9583875162548763,0.0,0.965505615115365,-0.0814101994037628
2.9583875162548763,0.0,0.965505615115365,-0.08949112892150876
2.952752492414391,0.0,1.059811351281072,-0.08949112892150876
2.950151712180321,0.0,1.0588778709364322,-0.08949112892150876
2.950151712180321,0.0,1.0588778709364322,-0.0975720584392548
2.9475509319462505,0.0,1.1540591058522178,-0.0975720584392548
2.9440832249674904,0.0,1.1527013892570976,-0.0975720584392548
2.9440832249674904,0.0,1.1527013892570976,-0.12450850009918212
2.9421326397919376,0.0,1.4729011170074988,-0.12450850009918212
2.9393151278716947,0.0,1.4714906039672704,-0.12450850009918212
2.9393151278716947,0.0,1.4714906039672704,-0.1433640122413635
2.93801473775466,0.0,1.696460869144916,-0.1433640122413635
2.93801473775466,0.0,1.696460869144916,-0.15144494175910944
2.9325964456003466,0.0,1.7902150994829125,-0.15144494175910944
2.9325964456003466,0.0,1.7902150994829125,-0.1703004390001297
2.9299956653662766,0.0,2.015440060626772,-0.1703004390001297
2.9254442999566534,0.0,2.012309337846007,-0.1703004390001297
2.9254442999566534,0.0,2.012309337846007,-0.17838138341903687
2.9237104464672736,0.0,2.108554318811084,-0.17838138341903687
2.9237104464672736,0.0,2.108554318811084,-0.21609237790107721
2.9191590810576504,0.0,2.563254710599924,-0.21609237790107721
2.9191590810576504,0.0,2.563254710599924,-0.23225423693656919
2.9115734720416127,0.0,2.7546098860569646,-0.23225423693656919
2.8981361074989165,0.0,2.7418969328832614,-0.23225423693656919
2.894668400520156,0.0,2.738616170773918,-0.23225423693656919
2.894668400520156,0.0,2.738616170773918,-0.26996526122093206
2.893801473775466,0.0,3.121065895228526,-0.26996526122093206
2.893801473775466,0.0,3.121065895228526,-0.278046190738678
2.891634156913741,0.0,3.118728368344742,-0.278046190738678
2.891634156913741,0.0,3.118728368344742,-0.28612712025642395
2.8773298656263546,0.0,3.1033006909117673,-0.28612712025642395
2.8773298656263546,0.0,3.1033006909117673,-0.2969017028808594
2.8773298656263546,0.0,3.1033006909117673,-0.3049826323986054
2.88383181621153,0.0,3.1103132715631197,-0.3049826323986054
2.88383181621153,0.0,3.1103132715631197,-0.3238381445407867
2.9885132206328566,0.0,3.2232158200498917,-0.3238381445407867
2.9885132206328566,0.0,3.2232158200498917,-0.3319190740585327
2.997182488079757,0.0,3.2325659275850276,-0.3319190740585327
3.033810143042913,0.0,3.2720701319209793,-0.3319190740585327
3.045947117468574,0.0,3.28516028247017,-0.3319190740585327
3.1003467706978762,0.0,3.343832207253151,-0.3319190740585327
3.1003467706978762,0.0,3.343832207253151,-0.3319190740585327
3.1285218899003033,0.0,3.374220056742344,-0.3319190740585327
3.1285218899003033,0.0,3.374220056742344,-0.3400000035762787
3.1599479843953184,0.0,3.4081141965572135,-0.3400000035762787
3.1599479843953184,0.0,3.4081141965572135,-0.3400000035762787
3.2284351972258345,0.0,3.481980046084791,-0.3400000035762787
3.2284351972258345,0.0,3.481980046084791,-0.3400000035762787
3.280450801907239,0.0,3.5380806912956095,-0.3400000035762787
3.376246207195492,0.0,3.6413993795588664,-0.3400000035762787
3.376246207195492,0.0,3.6413993795588664,-0.3400000035762787
3.385782401387083,0.0,3.6516844978475165,-0.3400000035762787
3.385782401387083,0.0,3.6516844978475165,-0.3400000035762787
3.41135674035544,0.0,3.679267315076169,-0.3400000035762787
3.5249241439098395,0.0,3.8017537237864554,-0.3400000035762787
3.505851755526658,0.0,3.781183487209155,-0.3400000035762787
3.505851755526658,0.0,3.781183487209155,-0.3400000035762787
3.5264412657130473,0.0,3.8033899926051045,-0.3400000035762787
3.5264412657130473,0.0,3.8033899926051045,-0.3400000035762787
3.567620286085826,0.0,3.847803003397002,-0.3400000035762787
3.6326397919375815,0.0,3.917928809910525,-0.3400000035762787
3.6326397919375815,0.0,3.917928809910525,-0.3400000035762787
3.635023840485479,0.0,3.9205000894826876,-0.3400000035762787
3.6252709146077158,0.0,3.909981218505659,-0.3400000035762787
3.6423927178153446,0.0,3.9284476808875533,-0.3400000035762787
3.6423927178153446,0.0,3.9284476808875533,-0.3400000035762787
3.662548764629389,0.0,3.9501866809067456,-0.3400000035762787
3.6501950585175553,0.0,3.9368627776691762,-0.3400000035762787
3.6501950585175553,0.0,3.9368627776691762,-0.3400000035762787
3.651278716948418,0.0,3.9380315411110685,-0.3400000035762787
3.651278716948418,0.0,3.9380315411110685,-0.3238381445407867
3.669700910273082,0.0,3.9579005196232333,-0.3238381445407867
3.6657997399219764,0.0,3.9536929712324214,-0.3238381445407867
3.6612483745123536,0.0,3.948784164776475,-0.3238381445407867
3.6612483745123536,0.0,3.948784164776475,-0.3238381445407867
3.663415691374079,0.0,3.9511216916602594,-0.3238381445407867
3.6757693974859125,0.0,3.9644455948978288,-0.3238381445407867
3.6757693974859125,0.0,3.9644455948978288,-0.3130635619163514
3.666449934980494,0.0,3.9543942292975567,-0.3130635619163514
3.663849154746424,0.0,3.9515891970370163,-0.3130635619163514
3.663849154746424,0.0,3.9515891970370163,-0.3049826323986054
3.669700910273082,0.0,3.9579005196232333,-0.3049826323986054
3.6686172518422193,0.0,3.956731756181341,-0.3049826323986054
3.666016471608149,0.0,3.9539267239208,-0.3049826323986054
3.666016471608149,0.0,3.9539267239208,-0.2969017028808594
3.6616818378846987,0.0,3.949251670153232,-0.2969017028808594
3.672301690507152,0.0,3.9607055518837737,-0.2969017028808594
3.6666666666666665,0.0,3.954627981985935,-0.2969017028808594
3.6666666666666665,0.0,3.954627981985935,-0.2969017028808594
3.662982228001734,0.0,3.9506541862835025,-0.2969017028808594
3.670134373645427,0.0,3.95836802499999,-0.2969017028808594
3.670134373645427,0.0,3.95836802499999,-0.2969017028808594
3.6655830082358043,0.0,3.9534592185440434,-0.2969017028808594
3.6651495448634592,0.0,3.9529917131672865,-0.2969017028808594
3.6608149111400086,0.0,3.948316659399718,-0.2969017028808594
3.6608149111400086,0.0,3.948316659399718,-0.2969017028808594
3.6631989596879064,0.0,3.950887938971881,-0.2969017028808594
3.6631989596879064,0.0,3.950887938971881,-0.28612712025642395
3.666449934980494,0.0,3.9543942292975567,-0.28612712025642395
3.664282618118769,0.0,3.952056702413773,-0.28612712025642395
3.668400520156047,0.0,3.9564980034929627,-0.28612712025642395
3.668400520156047,0.0,3.9564980034929627,-0.28612712025642395
3.6651495448634592,0.0,3.9529917131672865,-0.28612712025642395
3.6649328131772867,0.0,3.9527579604789085,-0.28612712025642395
3.6649328131772867,0.0,3.9527579604789085,-0.28612712025642395
3.6649328131772867,0.0,3.9527579604789085,-0.28612712025642395
3.658864325964456,0.0,3.946212885204313,-0.28612712025642395
3.658864325964456,0.0,3.946212885204313,-0.28612712025642395
3.667750325097529,0.0,3.9557967454278273,-0.28612712025642395
3.667316861725184,0.0,3.9553292400510704,-0.28612712025642395
3.667316861725184,0.0,3.9553292400510704,-0.278046190738678
3.6627654963155614,0.0,3.950420433595124,-0.278046190738678
3.6631989596879064,0.0,3.950887938971881,-0.278046190738678
3.6631989596879064,0.0,3.950887938971881,-0.278046190738678
3.662982228001734,0.0,3.9506541862835025,-0.278046190738678
3.6603814477676635,0.0,3.947849154022961,-0.278046190738678
3.659731252709146,0.0,3.947147895957826,-0.278046190738678
3.659731252709146,0.0,3.947147895957826,-0.278046190738678
3.659731252709146,0.0,3.947147895957826,-0.278046190738678
3.664716081491114,0.0,3.95252420779053,-0.278046190738678
3.6612483745123536,0.0,3.948784164776475,-0.278046190738678
3.6612483745123536,0.0,3.948784164776475,-0.278046190738678
3.6577806675335935,0.0,3.945044121762421,-0.278046190738678
3.6671001300390116,0.0,3.955095487362692,-0.278046190738678
3.6671001300390116,0.0,3.955095487362692,-0.278046190738678
3.6586475942782837,0.0,3.9459791325159346,-0.278046190738678
3.6586475942782837,0.0,3.9459791325159346,-0.278046190738678
3.656697009102731,0.0,3.9438753583205286,-0.278046190738678
3.656697009102731,0.0,3.9438753583205286,-0.278046190738678
3.661465106198526,0.0,3.9490179174648534,-0.278046190738678
3.667750325097529,0.0,3.9557967454278273,-0.278046190738678
3.667750325097529,0.0,3.9557967454278273,-0.278046190738678
3.6627654963155614,0.0,3.950420433595124,-0.278046190738678
3.6653662765496318,0.0,3.953225465855665,-0.278046190738678
3.6608149111400086,0.0,3.948316659399718,-0.278046190738678
3.6608149111400086,0.0,3.948316659399718,-0.278046190738678
3.6655830082358043,0.0,3.9534592185440434,-0.278046190738678
3.6599479843953184,0.0,3.9473816486462043,-0.278046190738678
3.6599479843953184,0.0,3.9473816486462043,-0.278046190738678
3.6608149111400086,0.0,3.948316659399718,-0.278046190738678
3.6712180320762897,0.0,3.959536788441882,-0.278046190738678
3.657563935847421,0.0,3.9448103690740424,-0.278046190738678
3.657563935847421,0.0,3.9448103690740424,-0.278046190738678
3.6616818378846987,0.0,3.949251670153232,-0.278046190738678
3.6651495448634592,0.0,3.9529917131672865,-0.278046190738678
3.6651495448634592,0.0,3.9529917131672865,-0.278046190738678
3.6623320329432163,0.0,3.949952928218367,-0.278046190738678
3.6586475942782837,0.0,3.9459791325159346,-0.278046190738678
3.6621153012570438,0.0,3.9497191755299887,-0.278046190738678
3.6621153012570438,0.0,3.9497191755299887,-0.278046190738678
3.6662332032943215,0.0,3.9541604766091782,-0.278046190738678
3.658864325964456,0.0,3.946212885204313,-0.278046190738678
3.658430862592111,0.0,3.945745379827556,-0.278046190738678
3.658430862592111,0.0,3.945745379827556,-0.278046190738678
3.6627654963155614,0.0,3.950420433595124,-0.278046190738678
3.6627654963155614,0.0,3.950420433595124,-0.26996526122093206
3.6636324230602515,0.0,3.951355444348638,-0.26996526122093206
3.658864325964456,0.0,3.946212885204313,-0.26996526122093206
3.658864325964456,0.0,3.946212885204313,-0.26996526122093206
3.6577806675335935,0.0,3.945044121762421,-0.26996526122093206
3.6651495448634592,0.0,3.9529917131672865,-0.26996526122093206
3.6595145210229734,0.0,3.9469141432694475,-0.26996526122093206
3.6595145210229734,0.0,3.9469141432694475,-0.26996526122093206
3.6612483745123536,0.0,3.948784164776475,-0.26996526122093206
3.6586475942782837,0.0,3.9459791325159346,-0.26996526122093206
3.6586475942782837,0.0,3.9459791325159346,-0.26996526122093206
3.6608149111400086,0.0,3.948316659399718,-0.26996526122093206
3.6649328131772867,0.0,3.9527579604789085,-0.26996526122093206
3.6649328131772867,0.0,3.9527579604789085,-0.2591906785964965
3.657997399219766,0.0,3.8797471483194155,-0.2591906785964965
3.657997399219766,0.0,3.8797471483194155,-0.2591906785964965
3.6608149111400086,0.0,3.882735459311722,-0.2591906785964965
3.6612483745123536,0.0,3.8831951994643847,-0.2591906785964965
3.6612483745123536,0.0,3.8831951994643847,-0.2591906785964965
3.6651495448634592,0.0,3.887332860838348,-0.2591906785964965
3.6627654963155614,0.0,3.8848042899987036,-0.2591906785964965
3.6657997399219764,0.0,3.8880224710673414,-0.2591906785964965
3.6657997399219764,0.0,3.8880224710673414,-0.2591906785964965
3.6703511053315996,0.0,3.8928497426702986,-0.2591906785964965
3.6595145210229734,0.0,3.8813562388537344,-0.2591906785964965
3.6649328131772867,0.0,3.8871029907620165,-0.2591906785964965
3.6649328131772867,0.0,3.8871029907620165,-0.2591906785964965
3.663849154746424,0.0,3.88595364038036,-0.2591906785964965
3.663849154746424,0.0,3.88595364038036,-0.2591906785964965
3.6671001300390116,0.0,3.8894016915253293,-0.2591906785964965
3.6649328131772867,0.0,3.8871029907620165,-0.2591906785964965
3.6655830082358043,0.0,3.8877926009910104,-0.2591906785964965
3.6655830082358043,0.0,3.8877926009910104,-0.2591906785964965
3.6699176419592545,0.0,3.892390002517636,-0.2591906785964965
3.6590810576506287,0.0,3.880896498701072,-0.2591906785964965
3.6590810576506287,0.0,3.880896498701072,-0.2591906785964965
3.659731252709146,0.0,3.8815861089300654,-0.2591906785964965
3.6655830082358043,0.0,3.8877926009910104,-0.2591906785964965
3.6636324230602515,0.0,3.885723770304029,-0.2591906785964965
3.6636324230602515,0.0,3.885723770304029,-0.2591906785964965
3.6564802774165583,0.0,3.8781380577850966,-0.2591906785964965
3.661031642826181,0.0,3.8829653293880533,-0.2591906785964965
3.661031642826181,0.0,3.8829653293880533,-0.2591906785964965
3.660164716081491,0.0,3.882045849082728,-0.2591906785964965
3.6495448634590377,0.0,3.870782215342495,-0.2591906785964965
3.6523623753792807,0.0,3.8737705263348023,-0.2591906785964965
3.6523623753792807,0.0,3.8737705263348023,-0.2591906785964965
3.656697009102731,0.0,3.8783679278614276,-0.2591906785964965
3.653446033810143,0.0,3.8749198767164583,-0.2591906785964965
3.653446033810143,0.0,3.8749198767164583,-0.2591906785964965
3.654312960554833,0.0,3.8758393570217833,-0.2591906785964965
3.656263545730386,0.0,3.877908187708765,-0.2591906785964965
3.6553966189856957,0.0,3.87698870740344,-0.2591906785964965
3.6553966189856957,0.0,3.87698870740344,-0.2591906785964965
3.6558300823580407,0.0,3.8774484475561026,-0.2591906785964965
3.659297789336801,0.0,3.881126368777403,-0.2591906785964965
3.6549631556133506,0.0,3.8765289672507772,-0.2591906785964965
3.6549631556133506,0.0,3.8765289672507772,-0.2591906785964965
3.6549631556133506,0.0,3.8765289672507772,-0.2591906785964965
3.6590810576506287,0.0,3.880896498701072,-0.2591906785964965
3.7058951018638924,0.0,3.930548435188629,-0.2591906785964965
3.7058951018638924,0.0,3.930548435188629,-0.2591906785964965
3.6820546163849155,0.0,3.9052627267921878,-0.2591906785964965
3.6820546163849155,0.0,3.9052627267921878,-0.2591906785964965
3.7511920242739487,0.0,3.9785912811418673,-0.2591906785964965
3.8144776766363244,0.0,4.045713343430603,-0.2591906785964965
3.7735153879497183,0.0,4.00226789900399,-0.2591906785964965
3.7735153879497183,0.0,4.00226789900399,-0.2591906785964965
3.7641959254443,0.0,3.9923834857217444,-0.2591906785964965
3.805158214130906,0.0,4.035828930148357,-0.2591906785964965
3.805158214130906,0.0,4.035828930148357,-0.2591906785964965
3.8107932379713914,0.0,4.0418055521329705,-0.2591906785964965
3.7873862158647595,0.0,4.016979583889192,-0.2591906785964965
3.808409189423494,0.0,4.039276981293327,-0.2591906785964965
3.808409189423494,0.0,4.039276981293327,-0.25110974907875055
3.82271348071088,0.0,3.9224765306192397,-0.25110974907875055
3.8071087993064587,0.0,3.906464606920148,-0.25110974907875055
3.8071087993064587,0.0,3.906464606920148,-0.25110974907875055
3.812743823146944,0.0,3.9122466904781534,-0.25110974907875055
3.8237971391417425,0.0,3.92358846976501,-0.25110974907875055
3.821629822280017,0.0,3.9213645914734694,-0.25110974907875055
3.821629822280017,0.0,3.9213645914734694,-0.25110974907875055
3.8136107498916343,0.0,3.9131362417947697,-0.25110974907875055
3.8218465539661897,0.0,3.9215869793026235,-0.25110974907875055
3.8218465539661897,0.0,3.9215869793026235,-0.24302881956100464
3.8292154312960553,0.0,3.79749877467958,-0.24302881956100464
3.816861725184222,0.0,3.785247391944877,-0.24302881956100464
3.828998699609883,0.0,3.7972838381403746,-0.24302881956100464
3.828998699609883,0.0,3.7972838381403746,-0.24302881956100464
3.8337667967056785,0.0,3.802012442002892,-0.24302881956100464
3.822063285652362,0.0,3.7904058688858044,-0.24302881956100464
3.822063285652362,0.0,3.7904058688858044,-0.24302881956100464
3.832249674902471,0.0,3.8005078862284547,-0.24302881956100464
3.833983528391851,0.0,3.8022273785420975,-0.24302881956100464
3.82444733420026,0.0,3.792770170817063,-0.24302881956100464
3.82444733420026,0.0,3.792770170817063,-0.24302881956100464
3.8296488946684004,0.0,3.797928647757991,-0.24302881956100464
3.830299089726918,0.0,3.798573457375607,-0.24302881956100464
3.830299089726918,0.0,3.798573457375607,-0.24302881956100464
3.82531426094495,0.0,3.7936299169738845,-0.24302881956100464
3.821413090593845,0.0,3.789761059268189,-0.24302881956100464
3.8281317728651927,0.0,3.7964240919835532,-0.24302881956100464
3.8281317728651927,0.0,3.7964240919835532,-0.24302881956100464
3.826397919375813,0.0,3.7947045996699114,-0.24302881956100464
3.8242306025140875,0.0,3.7925552342778577,-0.24302881956100464
3.827264846120503,0.0,3.7955643458267327,-0.24302881956100464
3.827264846120503,0.0,3.7955643458267327,-0.24302881956100464
3.820546163849155,0.0,3.7889013131113676,-0.24302881956100464
3.820546163849155,0.0,3.7889013131113676,-0.23225423693656919
3.8246640658864326,0.0,3.6184755589732958,-0.23225423693656919
3.8246640658864326,0.0,3.6184755589732958,-0.21609237790107721
3.827698309492848,0.0,3.361024682151998,-0.21609237790107721
3.827698309492848,0.0,3.361024682151998,-0.19723688066005704
3.8261811876896403,0.0,3.058419347305755,-0.19723688066005704
3.8261811876896403,0.0,3.058419347305755,-0.17838138341903687
3.8255309926311227,0.0,2.7589393833457705,-0.17838138341903687
3.8255309926311227,0.0,2.7589393833457705,-0.1703004390001297
3.8255309926311227,0.0,2.7589393833457705,-0.16221950948238367
3.8296488946684004,0.0,2.634279596957989,-0.16221950948238367
3.826831382748158,0.0,2.5051600572729695,-0.16221950948238367
3.826831382748158,0.0,2.5051600572729695,-0.15144494175910944
3.8170784568703944,0.0,2.330150641644598,-0.15144494175910944
3.8170784568703944,0.0,2.330150641644598,-0.15144494175910944
3.826831382748158,0.0,2.3361043538223183,-0.15144494175910944
3.8333333333333335,0.0,2.3400734952741318,-0.15144494175910944
3.827698309492848,0.0,2.33663357268256,-0.15144494175910944
3.827698309492848,0.0,2.33663357268256,-0.15144494175910944
3.8344169917641957,0.0,2.3407350188494336,-0.15144494175910944
3.8346337234503682,0.0,2.340867323564494,-0.15144494175910944
3.8346337234503682,0.0,2.340867323564494,-0.15144494175910944
3.8261811876896403,0.0,2.3357074396771367,-0.15144494175910944
3.8261811876896403,0.0,2.3357074396771367,-0.1433640122413635
3.824013870827915,0.0,2.2080521964586084,-0.1433640122413635
3.824013870827915,0.0,2.2080521964586084,-0.12450850009918212
3.826831382748158,0.0,1.915802211639146,-0.12450850009918212
3.826831382748158,0.0,1.915802211639146,-0.11642756313085553
3.826397919375813,0.0,1.9155852096329569,-0.11642756313085553
3.826397919375813,0.0,1.9155852096329569,-0.0975720584392548
3.8270481144343305,0.0,1.4984099772895927,-0.0975720584392548
3.8270481144343305,0.0,1.4984099772895927,-0.08949112892150876
3.8320329432162983,0.0,1.5003616948950782,-0.08949112892150876
3.8300823580407455,0.0,1.3747053875395703,-0.08949112892150876
3.8296488946684004,0.0,1.3745498074821303,-0.08949112892150876
3.8296488946684004,0.0,1.3745498074821303,-0.08949112892150876
3.830732553099263,0.0,1.3749387576257301,-0.08949112892150876
3.8324664065886433,0.0,1.37556107785549,-0.08949112892150876
3.8333333333333335,0.0,1.37587223797037,-0.08949112892150876
3.8333333333333335,0.0,1.37587223797037,-0.11642756313085553
3.8333333333333335,0.0,1.37587223797037,-0.12450850009918212
3.836584308625921,0.0,1.9206847567783971,-0.12450850009918212
3.8355006501950584,0.0,1.9201422517629247,-0.12450850009918212
3.8309492847854356,0.0,1.917863730697941,-0.12450850009918212
3.8309492847854356,0.0,1.917863730697941,-0.12450850009918212
3.8363675769397485,0.0,1.9205762557753028,-0.12450850009918212
3.8363675769397485,0.0,1.9205762557753028,-0.13528306782245636
3.838968357173819,0.0,2.090156255316486,-0.13528306782245636
3.839401820546164,0.0,2.0903922578293654,-0.13528306782245636
3.839401820546164,0.0,2.0903922578293654,-0.13528306782245636
3.8417858690940614,0.0,2.091690271650202,-0.13528306782245636
3.8459037711313395,0.0,2.0939322955225568,-0.13528306782245636
3.8435197225834417,0.0,2.09263428170172,-0.13528306782245636
3.8435197225834417,0.0,2.09263428170172,-0.15144494175910944
3.8439531859557867,0.0,2.3465564263120937,-0.15144494175910944
3.8439531859557867,0.0,2.3465564263120937,-0.1703004390001297
3.847854356306892,0.0,2.6468024880810495,-0.1703004390001297
3.847854356306892,0.0,2.6468024880810495,-0.18915593624114987
3.847854356306892,0.0,2.6468024880810495,-0.21609237790107721
3.8430862592110966,0.0,3.3745365304297166,-0.21609237790107721
3.8430862592110966,0.0,3.3745365304297166,-0.23225423693656919
3.8430862592110966,0.0,3.3745365304297166,-0.25110974907875055
3.846553966189857,0.0,3.9469391918261865,-0.25110974907875055
3.846553966189857,0.0,3.9469391918261865,-0.2591906785964965
3.929345470307759,0.0,4.167544483886183,-0.2591906785964965
3.929345470307759,0.0,4.167544483886183,-0.278046190738678
3.9629388816644995,0.0,4.274167906999222,-0.278046190738678
3.9629388816644995,0.0,4.274167906999222,-0.28612712025642395
4.019289120069354,0.0,4.334943605977608,-0.28612712025642395
4.019289120069354,0.0,4.334943605977608,-0.28612712025642395
4.111183355006502,0.0,4.434054745850053,-0.28612712025642395
4.111183355006502,0.0,4.434054745850053,-0.28612712025642395
4.20307758994365,0.0,4.533165885722499,-0.28612712025642395
4.315778066753359,0.0,4.654717283679272,-0.28612712025642395
4.315778066753359,0.0,4.654717283679272,-0.28612712025642395
4.340052015604681,0.0,4.680897584777654,-0.28612712025642395
4.365843086259211,0.0,4.708714154694685,-0.28612712025642395
4.376896402254009,0.0,4.720635541801983,-0.28612712025642395
4.376896402254009,0.0,4.720635541801983,-0.28612712025642395
4.3732119635890765,0.0,4.71666174609955,-0.28612712025642395
4.3794971824880795,0.0,4.723440574062525,-0.28612712025642395
4.402037277850022,0.0,4.74775085365388,-0.28612712025642395
4.402037277850022,0.0,4.74775085365388,-0.28612712025642395
4.395968790637191,0.0,4.741205778379284,-0.28612712025642395
4.389683571738188,0.0,4.73442695041631,-0.28612712025642395
4.389683571738188,0.0,4.73442695041631,-0.28612712025642395
4.4061551798873,0.0,4.75219215473307,-0.28612712025642395
4.404854789770265,0.0,4.750789638602799,-0.28612712025642395
4.404854789770265,0.0,4.750789638602799,-0.28612712025642395
4.402904204594711,0.0,4.748685864407393,-0.28612712025642395
4.415474642392718,0.0,4.7622435203333415,-0.28612712025642395
4.416775032509753,0.0,4.763646036463611,-0.28612712025642395
4.416775032509753,0.0,4.763646036463611,-0.28612712025642395
4.4169917641959255,0.0,4.76387978915199,-0.28612712025642395
4.424143909839619,0.0,4.771593627868477,-0.28612712025642395
4.420026007802341,0.0,4.7671523267892875,-0.28612712025642395
4.420026007802341,0.0,4.7671523267892875,-0.26996526122093206
4.390550498482878,0.0,4.735361961169824,-0.26996526122093206
4.288036410923277,0.0,4.624796939566836,-0.26996526122093206
4.288036410923277,0.0,4.624796939566836,-0.26996526122093206
4.306675335934114,0.0,4.644899670767379,-0.26996526122093206
4.2995231902904205,0.0,4.637185832050892,-0.26996526122093206
4.303857824013871,0.0,4.641860885818461,-0.26996526122093206
4.303857824013871,0.0,4.641860885818461,-0.26996526122093206
4.2993064586042475,0.0,4.636952079362513,-0.26996526122093206
4.29778933680104,0.0,4.635315810543864,-0.26996526122093206
4.29778933680104,0.0,4.635315810543864,-0.26996526122093206
4.286302557433896,0.0,4.622926918059808,-0.26996526122093206
4.276116168183789,0.0,4.611940541706024,-0.26996526122093206
4.271131339401821,0.0,4.60656422987332,-0.26996526122093206
4.271131339401821,0.0,4.60656422987332,-0.26996526122093206
4.266363242306025,0.0,4.601421670728995,-0.26996526122093206
4.266146510619853,0.0,4.601187918040617,-0.26996526122093206
4.266146510619853,0.0,4.601187918040617,-0.26996526122093206
4.267446900736887,0.0,4.602590434170887,-0.26996526122093206
4.258777633289987,0.0,4.59324032663575,-0.26996526122093206
4.2624620719549196,0.0,4.597214122338183,-0.26996526122093206
4.2624620719549196,0.0,4.597214122338183,-0.26996526122093206
4.268097095795405,0.0,4.603291692236023,-0.26996526122093206
4.259427828348505,0.0,4.593941584700886,-0.26996526122093206
4.261161681837884,0.0,4.595811606207913,-0.26996526122093206
4.261161681837884,0.0,4.595811606207913,-0.26996526122093206
4.263979193758128,0.0,4.598850391156833,-0.26996526122093206
4.255093194625054,0.0,4.589266530933318,-0.26996526122093206
4.255093194625054,0.0,4.589266530933318,-0.26996526122093206
4.2561768530559165,0.0,4.59043529437521,-0.26996526122093206
4.2620286085825745,0.0,4.596746616961426,-0.26996526122093206
4.2620286085825745,0.0,4.596746616961426,-0.26996526122093206
4.2557433896835715,0.0,4.589967788998453,-0.26996526122093206
4.2557433896835715,0.0,4.589967788998453,-0.2591906785964965
4.255526657997399,0.0,4.5134989487647665,-0.2591906785964965
4.259861291720849,0.0,4.518096350291391,-0.2591906785964965
4.1757693974859125,0.0,4.428906760674853,-0.2591906785964965
4.1757693974859125,0.0,4.428906760674853,-0.2591906785964965
4.123103597745991,0.0,4.373048332126352,-0.2591906785964965
4.123103597745991,0.0,4.373048332126352,-0.2591906785964965
4.146944083224968,0.0,4.398334040522793,-0.2591906785964965
4.121369744256611,0.0,4.371209371515701,-0.2591906785964965
4.121369744256611,0.0,4.371209371515701,-0.2591906785964965
4.09211096662332,0.0,4.340176911210977,-0.2591906785964965
3.998049414824447,0.0,4.2404132980832,-0.2591906785964965
4.03272648461205,0.0,4.277192510296206,-0.2591906785964965
4.03272648461205,0.0,4.277192510296206,-0.2591906785964965
4.042045947117469,0.0,4.287076923578451,-0.2591906785964965
4.058084091894235,0.0,4.304087309226967,-0.2591906785964965
4.058084091894235,0.0,4.304087309226967,-0.2591906785964965
4.037061118335501,0.0,4.281789911822832,-0.2591906785964965
3.9659731252709145,0.0,4.20639252678617,-0.2591906785964965
4.011920242739489,0.0,4.255124982968403,-0.2591906785964965
4.011920242739489,0.0,4.255124982968403,-0.2591906785964965
4.039011703511053,0.0,4.283858742509813,-0.2591906785964965
4.066536627654963,0.0,4.313052242203886,-0.2591906785964965
4.088426527958387,0.0,4.336269119913346,-0.2591906785964965
4.088426527958387,0.0,4.336269119913346,-0.13528306782245636
4.08690940615518,0.0,2.225149692683508,-0.13528306782245636
4.08690940615518,0.0,2.225149692683508,-0.0
4.08690940615518,0.0,2.225149692683508,-0.0
3.99566536627655,0.0,0.0,-0.0
3.9237104464672736,0.0,0.0,-0.0
3.9237104464672736,0.0,0.0,0.08411432057619098
3.9237104464672736,0.0,0.0,0.08411432057619098
3.9237104464672736,0.0,0.0,0.3400000035762787
3.9237104464672736,0.0,0.0,0.3400000035762787
3.837017771998266,0.0,4.975255548885906,0.3400000035762787
3.837017771998266,0.0,4.975255548885906,0.3400000035762787
3.7401387082791504,0.0,4.849637652910308,0.3400000035762787
3.6404421326397918,0.0,4.720366440049512,0.3400000035762787
3.6404421326397918,0.0,4.720366440049512,0.3400000035762787
3.563502384048548,0.0,4.620602786646073,0.3400000035762787
3.485478977026441,0.0,4.519434011363711,0.3400000035762787
3.4078890333766796,0.0,4.418827284832918,0.3400000035762787
3.4078890333766796,0.0,4.418827284832918,0.3400000035762787
3.3209796272215,0.0,4.3061365101434,0.3400000035762787
3.218682271348071,0.0,4.173493004773192,0.3400000035762787
3.218682271348071,0.0,4.173493004773192,0.3400000035762787
3.11616818378847,0.0,4.0405684750272,0.3400000035762787
3.0205895101863893,0.0,3.916636725306308,0.3400000035762787
2.9213263979193758,0.0,3.7879275611970815,0.3400000035762787
2.9213263979193758,0.0,3.7879275611970815,0.3400000035762787
2.7995231902904205,0.0,3.629991862006284,0.3400000035762787
2.6922410056350237,0.0,3.4908847959930367,0.3400000035762787
2.6922410056350237,0.0,3.4908847959930367,0.3400000035762787
2.581274382314694,0.0,3.347000315591456,0.3400000035762787
2.4633723450368445,0.0,3.194123055164777,0.3400000035762787
2.3467706978760297,0.0,3.0429319409928035,0.3400000035762787
2.3467706978760297,0.0,3.0429319409928035,0.3400000035762787
2.2334200260078023,0.0,2.895956192457595,0.3400000035762787
2.1218032076289552,0.0,2.7512286389286613,0.3400000035762787
2.1218032076289552,0.0,2.7512286389286613,0.3400000035762787
1.9835283918508886,0.0,2.5719350871782543,0.3400000035762787
1.8617251842219333,0.0,2.413999387987457,0.3400000035762787
1.7275682704811444,0.0,2.240045299376952,0.3400000035762787
1.7275682704811444,0.0,2.240045299376952,0.3400000035762787
1.6040312093628089,0.0,2.0798614051798796,0.3400000035762787
1.4880797572605116,0.0,1.9295133641352595,0.3400000035762787
1.4880797572605116,0.0,1.9295133641352595,0.3400000035762787
1.3738621586475943,0.0,1.7814135180969137,0.3400000035762787
1.2542262678803642,0.0,1.6262880626639595,0.3400000035762787
1.2542262678803642,0.0,1.6262880626639595,0.3400000035762787
1.2542262678803642,0.0,1.6262880626639595,0.3400000035762787
1.141742522756827,0.0,1.4804364116318884,0.3400000035762787
1.0381447767663632,0.0,1.3461067600069752,0.3400000035762787
1.0381447767663632,0.0,1.3461067600069752,0.3400000035762787
0.9371478110099697,0.0,1.2151494008914743,0.3400000035762787
0.4165583008235804,0.0,0.5401288502574961,0.3400000035762787
0.33311660164716084,0.0,0.43193446558052634,0.3400000035762787
0.05114867793671435,0.0,0.06632175268510358,0.3400000035762787
0.05114867793671435,0.0,0.06632175268510358,0.3400000035762787
0.07217165149544863,0.0,0.09358111713618429,0.3400000035762787
0.07217165149544863,0.0,0.09358111713618429,0.3400000035762787
0.09232769830949285,0.0,0.11971638408412766,0.3400000035762787
0.10771564802774165,0.0,0.1396691147648156,0.3400000035762787
0.10771564802774165,0.0,0.1396691147648156,0.3400000035762787
0.5073688773298656,0.0,0.6578780637111333,0.3400000035762787
0.6614651061985263,0.0,0.8576863948937973,0.3400000035762787
0.9503684438664933,0.0,1.2322918878143188,0.3400000035762787
0.9503684438664933,0.0,1.2322918878143188,0.3400000035762787
1.2022106631989598,0.0,1.5588422124757186,0.3400000035762787
1.403771131339402,0.0,1.8201948819551523,0.3400000035762787
1.552665799739922,0.0,2.013258628118992,0.3400000035762787
1.552665799739922,0.0,2.013258628118992,0.3400000035762787
1.67555266579974,0.0,2.172599449188711,0.3400000035762787
1.7923710446467274,0.0,2.324071587736469,0.3400000035762787
1.7923710446467274,0.0,2.324071587736469,0.3400000035762787
1.8964022540095362,0.0,2.4589632881129506,0.3400000035762787
2.0045513654096228,0.0,2.5991944516293346,0.3400000035762787
2.1473775465973124,0.0,2.7843895152712133,0.3400000035762787
2.1473775465973124,0.0,2.7843895152712133,0.3400000035762787
2.2735153879497183,0.0,2.9479457019776976,0.3400000035762787
2.2735153879497183,0.0,2.9479457019776976,0.3400000035762787
2.2735153879497183,0.0,2.9479457019776976,0.3400000035762787
2.3576072821846554,0.0,3.0569831597820203,0.3400000035762787
2.3255309926311227,0.0,3.0153915521659385,0.3400000035762787
2.295622019939315,0.0,2.9766101883076996,0.3400000035762787
2.295622019939315,0.0,2.9766101883076996,0.3400000035762787
2.2193324664065885,0.0,2.877689608031613,0.3400000035762787
2.131989596879064,0.0,2.7644367845905253,0.3400000035762787
2.076506285218899,0.0,2.692494544389735,0.3400000035762787
2.076506285218899,0.0,2.692494544389735,0.3400000035762787
1.9687906371911574,0.0,2.5528254296249195,0.3400000035762787
1.8816644993498048,0.0,2.4398536305596155,0.3400000035762787
1.8816644993498048,0.0,2.4398536305596155,0.3400000035762787
1.8396185522323363,0.0,2.3853349016574543,0.3400000035762787
1.736237537928045,0.0,2.2512862744083253,0.3400000035762787
1.736237537928045,0.0,2.2512862744083253,0.3400000035762787
1.6352405721716514,0.0,2.1203289152928244,0.3400000035762787
1.5934113567403554,0.0,2.066091210766447,0.3400000035762787
1.4622886866059819,0.0,1.8960714634169233,0.3400000035762787
1.4622886866059819,0.0,1.8960714634169233,0.3400000035762787
0.9768097095795405,0.0,1.266576861660008,0.3400000035762787
0.8710446467273515,0.0,1.1294369662772512,0.3400000035762787
0.8595578673602081,0.0,1.1145426743606814,0.3400000035762787
0.8595578673602081,0.0,1.1145426743606814,0.3400000035762787
0.4967490247074122,0.0,0.6441078692977009,0.3400000035762787
0.4967490247074122,0.0,0.6441078692977009,0.3400000035762787
0.5617685305591678,0.0,0.728415182033002,0.3400000035762787
0.07087126137841353,0.0,0.09189497088147827,0.3400000035762787
0.05201560468140442,0.0,0.06744585018824092,0.3400000035762787
0.05201560468140442,0.0,0.06744585018824092,0.3400000035762787
0.06133506718682271,0.0,0.028694140246823558,-0.11642756313085553
0.06133506718682271,0.0,0.028694140246823558,-0.11642756313085553
0.08365843086259211,0.0,0.0391375905840067,-0.11642756313085553
0.1012136974425661,0.0,0.047350401043344884,-0.11642756313085553
0.1012136974425661,0.0,0.047350401043344884,-0.11642756313085553
0.199826614651062,0.0,0.09348408942604708,-0.11642756313085553
0.5598179453836151,0.0,0.2618974002033401,-0.11642756313085553
0.8938014737754659,0.0,0.4181435843742062,-0.11642756313085553
0.8938014737754659,0.0,0.4181435843742062,-0.11642756313085553
1.1371911573472042,0.0,0.5320076108660184,-0.11642756313085553
1.3216298222800174,0.0,0.6182928170499296,-0.11642756313085553
1.3216298222800174,0.0,0.6182928170499296,-0.11642756313085553
1.4490680537494582,0.0,0.6779117374214216,-0.11642756313085553
1.5869094061551798,0.0,0.7423975084354845,-0.11642756313085553
1.6980927611616818,0.0,0.7944119746779597,-0.11642756313085553
1.6980927611616818,0.0,0.7944119746779597,-0.11642756313085553
1.7245340268747291,0.0,0.8067818867278271,-0.11642756313085553
1.7206328565236237,0.0,0.804956817736863,-0.11642756313085553
1.7206328565236237,0.0,0.804956817736863,-0.11642756313085553
1.7347204161248375,0.0,0.8115473446486776,-0.11642756313085553
1.7485912440398785,0.0,0.818036478838772,-0.11642756313085553
1.76506285218899,0.0,0.825742325689509,-0.11642756313085553
1.76506285218899,0.0,0.825742325689509,-0.11642756313085553
1.7839185088859992,0.0,0.8345634924791686,-0.11642756313085553
1.7839185088859992,0.0,0.8345634924791686,-0.11642756313085553
1.7975726051148677,0.0,0.8409512339475427,-0.11642756313085553
1.7975726051148677,0.0,0.8409512339475427,-0.11642756313085553
1.7139141742522757,0.0,0.801813643363536,-0.11642756313085553
1.7139141742522757,0.0,0.801813643363536,-0.11642756313085553
1.648461205028175,0.0,0.7711930414040282,-0.11642756313085553
1.648461205028175,0.0,0.7711930414040282,-0.11642756313085553
1.5702210663198959,0.0,0.7345902688630271,-0.11642756313085553
1.4830949284785435,0.0,0.6938303947314969,-0.11642756313085553
1.459471174685739,0.0,0.6827785880639924,-0.11642756313085553
1.459471174685739,0.0,0.6827785880639924,-0.11642756313085553
1.5227568270481144,0.0,0.712385262806298,-0.11642756313085553
1.487863025574339,0.0,0.6960610346093419,-0.11642756313085553
1.487863025574339,0.0,0.6960610346093419,-0.11642756313085553
1.4731252709146077,0.0,0.6891663295323666,-0.11642756313085553
1.476592977893368,0.0,0.6907886130798901,-0.11642756313085553
1.476592977893368,0.0,0.6907886130798901,-0.0975720584392548
1.447767663632423,0.0,0.566846678462707,-0.0975720584392548
1.447767663632423,0.0,0.566846678462707,-0.10834663361310957
1.431079323797139,0.0,0.6226488410102943,-0.10834663361310957
1.406371911573472,0.0,0.6118988837370588,-0.10834663361310957
1.406371911573472,0.0,0.6118988837370588,-0.10834663361310957
1.393368010403121,0.0,0.6062410114879876,-0.10834663361310957
1.3831816211530126,0.0,0.6018090115595484,-0.10834663361310957
1.377113133940182,0.0,0.5991686711766484,-0.10834663361310957
1.377113133940182,0.0,0.5991686711766484,-0.10834663361310957
1.3695275249241439,0.0,0.5958682456980235,-0.10834663361310957
1.3664932813177286,0.0,0.5945480755065735,-0.10834663361310957
1.3571738188123104,0.0,0.5904932670614058,-0.10834663361310957
1.3571738188123104,0.0,0.5904932670614058,-0.10834663361310957
1.3617251842219333,0.0,0.5924735223485808,-0.10834663361310957
1.3472041612483745,0.0,0.5861555650037845,-0.10834663361310957
1.3472041612483745,0.0,0.5861555650037845,-0.10834663361310957
1.3439531859557867,0.0,0.5847410969415167,-0.10834663361310957
1.3439531859557867,0.0,0.5847410969415167,-0.11642756313085553
1.3231469440832249,0.0,0.6190025661019711,-0.11642756313085553
1.311009969657564,0.0,0.6133245736856385,-0.11642756313085553
1.301040312093628,0.0,0.6086605084865082,-0.11642756313085553
1.301040312093628,0.0,0.6086605084865082,-0.11642756313085553
1.2886866059817945,0.0,0.6028811233484554,-0.11642756313085553
1.2886866059817945,0.0,0.6028811233484554,-0.0975720584392548
1.2819679237104464,0.0,0.5019308537585196,-0.0975720584392548
1.2819679237104464,0.0,0.5019308537585196,-0.0814101994037628
1.2819679237104464,0.0,0.5019308537585196,-0.06255468726158143
1.2837017771998267,0.0,0.32162587920653185,-0.06255468726158143
1.2837017771998267,0.0,0.32162587920653185,-0.04369917884469033
1.2837017771998267,0.0,0.32162587920653185,-0.016762744635343562
1.290637191157347,0.0,0.08654659299191712,-0.016762744635343562
1.290637191157347,0.0,0.08654659299191712,-0.0
1.290637191157347,0.0,0.08654659299191712,0.003305006539449092
1.301040312093628,0.0,0.017199849583314407,0.003305006539449092
1.3016905071521456,0.0,0.017208445210292574,0.003305006539449092
1.32358040745557,0.0,0.017497831318557568,0.003305006539449092
1.32358040745557,0.0,0.017497831318557568,0.011385938152670872
1.3205461638491547,0.0,0.06014522688726634,0.011385938152670872
1.3333333333333333,0.0,0.06072762773846423,0.011385938152670872
1.3333333333333333,0.0,0.06072762773846423,0.003305006539449092
1.330299089726918,0.0,0.017586652797331973,0.003305006539449092
1.330299089726918,0.0,0.017586652797331973,-0.0
1.3272648461205028,0.0,0.0,-0.0
1.3398352839185088,0.0,0.0,-0.0
1.3398352839185088,0.0,0.0,-0.0
1.3257477243172953,0.0,0.0,-0.0
1.3433029908972691,0.0,0.0,-0.0
1.3205461638491547,0.0,0.0,-0.0
1.3205461638491547,0.0,0.0,0.011385938152670872
1.3318162115301257,0.0,0.06065852933238991,0.011385938152670872
1.3318162115301257,0.0,0.06065852933238991,0.049096953123807886
1.319895968790637,0.0,0.2594199604096241,0.049096953123807886
1.319895968790637,0.0,0.2594199604096241,0.06525881588459015
1.319895968790637,0.0,0.2594199604096241,0.07603339105844498
1.3246640658864326,0.0,0.3462757361557052,0.07603339105844498
1.3246640658864326,0.0,0.3462757361557052,0.08411432057619098
1.2856523623753793,0.0,0.39176526812244283,0.08411432057619098
1.2856523623753793,0.0,0.39176526812244283,0.11913169175386429
1.1640658864325963,0.0,0.5573477448344507,0.11913169175386429
1.1640658864325963,0.0,0.5573477448344507,0.11913169175386429
1.0862592110966622,0.0,0.5200943766729226,0.11913169175386429
1.0862592110966622,0.0,0.5200943766729226,0.10296982526779175
0.9843953185955787,0.0,0.40689113304687163,0.10296982526779175
0.9843953185955787,0.0,0.40689113304687163,0.08411432057619098
1.0082358040745556,0.0,0.3400305873541864,0.08411432057619098
1.0082358040745556,0.0,0.3400305873541864,0.07603339105844498
0.9963155613350672,0.0,0.3035982699863233,0.07603339105844498
0.9963155613350672,0.0,0.3035982699863233,0.06525881588459015
0.9980494148244473,0.0,0.26089655840919873,0.06525881588459015
0.9930645860424794,0.0,0.2595934919936913,0.06525881588459015
0.976592977893368,0.0,0.2552877073163625,0.06525881588459015
0.976592977893368,0.0,0.2552877073163625,0.049096953123807886
0.9958820979627222,0.0,0.19573640691005306,0.049096953123807886
0.9958820979627222,0.0,0.19573640691005306,0.03832237422466278
0.9958820979627222,0.0,0.19573640691005306,0.022160511463880563
1.1001300390117035,0.0,0.168720983081742,0.022160511463880563
1.1001300390117035,0.0,0.168720983081742,0.003305006539449092
1.1001300390117035,0.0,0.168720983081742,-0.008681812323629837
1.1887732986562636,0.0,0.041283863943781855,-0.008681812323629837
1.1887732986562636,0.0,0.041283863943781855,-0.02484367415308951
1.252925877763329,0.0,0.12453475132244457,-0.02484367415308951
1.252925877763329,0.0,0.12453475132244457,-0.051780115813016926
1.252925877763329,0.0,0.12453475132244457,-0.06255468726158143
1.252925877763329,0.0,0.12453475132244457,-0.0814101994037628
1.271781534460338,0.0,0.4150613149814624,-0.0814101994037628
1.271781534460338,0.0,0.4150613149814624,-0.08949112892150876
1.271781534460338,0.0,0.4150613149814624,-0.08949112892150876
1.3207628955353272,0.0,0.47405243501958694,-0.08949112892150876
1.3207628955353272,0.0,0.47405243501958694,-0.08949112892150876
1.3990030342436064,0.0,0.5021346353875015,-0.08949112892150876
1.4872128305158214,0.0,0.5337951770765352,-0.08949112892150876
1.4872128305158214,0.0,0.5337951770765352,-0.08949112892150876
1.5810576506285219,0.0,0.5674782595122886,-0.08949112892150876
1.694841785869094,0.0,0.6083180245902806,-0.08949112892150876
1.694841785869094,0.0,0.6083180245902806,-0.08949112892150876
1.82271348071088,0.0,0.6542141415350716,-0.08949112892150876
1.94148244473342,0.0,0.6968430772736233,-0.08949112892150876
1.94148244473342,0.0,0.6968430772736233,-0.08949112892150876
2.0461638491547465,0.0,0.7344156611453759,-0.08949112892150876
2.154746423927178,0.0,0.7733884655340882,-0.08949112892150876
2.272648461205028,0.0,0.8157062411577599,-0.08949112892150876
2.272648461205028,0.0,0.8157062411577599,-0.08949112892150876
2.335283918508886,0.0,0.8381875594578354,-0.08949112892150876
2.385348938014738,0.0,0.856157056092152,-0.08949112892150876
2.4161248374512354,0.0,0.8672032401703899,-0.08949112892150876
2.4161248374512354,0.0,0.8672032401703899,-0.08949112892150876
2.44495015171218,0.0,0.8775493139901477,-0.08949112892150876
2.481144343302991,0.0,0.8905402487863853,-0.08949112892150876
2.481144343302991,0.0,0.8905402487863853,-0.08949112892150876
2.5017338534893803,0.0,0.8979303015147838,-0.08949112892150876
2.5065019505851756,0.0,0.8996416821466234,-0.08949112892150876
2.5218899003034245,0.0,0.9051647741857424,-0.08949112892150876
2.5218899003034245,0.0,0.9051647741857424,-0.08949112892150876
2.5325097529258778,0.0,0.9089764855930216,-0.08949112892150876
2.5277416558300825,0.0,0.907265104961182,-0.08949112892150876
2.5277416558300825,0.0,0.907265104961182,-0.08949112892150876
2.5322930212397052,0.0,0.9088986955643016,-0.08949112892150876
2.5353272648461207,0.0,0.9099877559663815,-0.08949112892150876
2.530559167750325,0.0,0.9082763753345418,-0.08949112892150876
2.530559167750325,0.0,0.9082763753345418,-0.08949112892150876
2.53099263112267,0.0,0.9084319553919816,-0.08949112892150876
2.534243606415258,0.0,0.9095988058227815,-0.08949112892150876
2.534243606415258,0.0,0.9095988058227815,-0.08949112892150876
2.5307758994364975,0.0,0.9083541653632616,-0.08949112892150876
2.529692241005635,0.0,0.9079652152196618,-0.08949112892150876
2.529692241005635,0.0,0.9079652152196618,-0.08949112892150876
2.529692241005635,0.0,0.9079652152196618,-0.08949112892150876
2.529692241005635,0.0,0.9079652152196618,-0.08949112892150876
2.448201127004768,0.0,0.8787161644209476,-0.08949112892150876
2.350021673168617,0.0,0.8434772814107945,-0.08949112892150876
2.3539228435197224,0.0,0.8448775019277541,-0.08949112892150876
2.352405721716515,0.0,0.8443329717267143,-0.08949112892150876
2.352405721716515,0.0,0.8443329717267143,-0.08949112892150876
2.3565236237537928,0.0,0.845810982272394,-0.08949112892150876
2.3567403554399653,0.0,0.845888772301114,-0.08949112892150876
2.3567403554399653,0.0,0.845888772301114,-0.08949112892150876
2.355006501950585,0.0,0.8452664520713541,-0.08949112892150876
2.3498049414824447,0.0,0.8433994913820745,-0.08949112892150876
2.343736454269614,0.0,0.8412213705779149,-0.08949112892150876
2.343736454269614,0.0,0.8412213705779149,-0.08949112892150876
2.335717381881231,0.0,0.8383431395152754,-0.08949112892150876
2.3296488946684004,0.0,0.8361650187111158,-0.08949112892150876
2.3296488946684004,0.0,0.8361650187111158,-0.08949112892150876
2.3222800173385347,0.0,0.8335201577346364,-0.08949112892150876
2.316861725184222,0.0,0.8315754070166368,-0.08949112892150876
2.312743823146944,0.0,0.8300973964709571,-0.08949112892150876
2.312743823146944,0.0,0.8300973964709571,-0.08949112892150876
2.3107932379713914,0.0,0.8293972862124772,-0.08949112892150876
2.3107932379713914,0.0,0.8293972862124772,-0.07063562422990803
2.309492847854356,0.0,0.6536172884323616,-0.07063562422990803
2.309492847854356,0.0,0.6536172884323616,-0.04369917884469033
2.3019072388383184,0.0,0.4026221419494674,-0.04369917884469033
2.3019072388383184,0.0,0.4026221419494674,-0.0
2.293888166449935,0.0,0.0,-0.0
2.293888166449935,0.0,0.0,0.011385938152670872
2.293888166449935,0.0,0.0,0.03024144470691679
2.286736020806242,0.0,0.2767011607591179,0.03024144470691679
2.286736020806242,0.0,0.2767011607591179,0.049096953123807886
2.2787169484178587,0.0,0.44787216153477644,0.049096953123807886
2.2700476809709578,0.0,0.4461682537488347,0.049096953123807886
2.2700476809709578,0.0,0.4461682537488347,0.05717788264155388
2.2672301690507153,0.0,0.5191075132865152,0.05717788264155388
2.267446900736888,0.0,0.5191571364117696,0.05717788264155388
2.267446900736888,0.0,0.5191571364117696,0.05717788264155388
2.2657130472475075,0.0,0.5187601514097342,0.05717788264155388
2.2657130472475075,0.0,0.5187601514097342,0.03832237422466278
2.2670134373645427,0.0,0.5190578901612608,0.03832237422466278
2.2670134373645427,0.0,0.3476795671857804,0.03832237422466278
2.2670134373645427,0.0,0.3476795671857804,0.011385938152670872
2.275032509752926,0.0,0.10361799550888477,0.011385938152670872
2.2711313394018204,0.0,0.10344031389326507,0.011385938152670872
2.2711313394018204,0.0,0.10344031389326507,0.003305006539449092
2.2728651928912007,0.0,0.030047446706683023,0.003305006539449092
2.2728651928912007,0.0,0.030047446706683023,-0.008681812323629837
2.2811009969657565,0.0,0.0792183533287701,-0.008681812323629837
2.2811009969657565,0.0,0.0792183533287701,-0.02484367415308951
2.2811009969657565,0.0,0.0792183533287701,-0.035618249326944386
2.2811009969657565,0.0,0.3251328021225612,-0.035618249326944386
2.286736020806242,0.0,0.3259359805411062,-0.035618249326944386
2.286736020806242,0.0,0.3259359805411062,-0.04369917884469033
2.286736020806242,0.0,0.3259359805411062,-0.051780115813016926
2.2856523623753793,0.0,0.473828925449928,-0.051780115813016926
2.2819679237104467,0.0,0.4730651200514216,-0.051780115813016926
2.2819679237104467,0.0,0.4730651200514216,-0.06255468726158143
2.289336801040312,0.0,0.5735833466247839,-0.06255468726158143
2.289336801040312,0.0,0.5735833466247839,-0.07063562422990803
2.2856523623753793,0.0,0.6468701129699405,-0.07063562422990803
2.2856523623753793,0.0,0.6468701129699405,-0.08949112892150876
2.2837017771998265,0.0,0.8196735326224791,-0.08949112892150876
2.2837017771998265,0.0,0.8196735326224791,-0.0975720584392548
2.2915041179020372,0.0,0.8971960975129043,-0.0975720584392548
2.2915041179020372,0.0,0.8971960975129043,-0.12450850009918212
2.283918508885999,0.0,1.1433835706095778,-0.12450850009918212
2.283918508885999,0.0,1.1433835706095778,-0.13528306782245636
2.289336801040312,0.0,1.2464472717725987,-0.13528306782245636
2.289336801040312,0.0,1.2464472717725987,-0.16221950948238367
2.2891200693541394,0.0,1.4985275259057087,-0.16221950948238367
2.283918508885999,0.0,1.4951224264338534,-0.16221950948238367
2.29345470307759,0.0,1.5013651087989217,-0.16221950948238367
2.29345470307759,0.0,1.5013651087989217,-0.22417332231998446
2.2806675335934115,0.0,2.0800194422066975,-0.22417332231998446
2.2806675335934115,0.0,2.0800194422066975,-0.24302881956100464
2.280884265279584,0.0,2.2619921385967796,-0.24302881956100464
2.286736020806242,0.0,2.2677954251553234,-0.24302881956100464
2.278066753359341,0.0,2.2591979635871104,-0.24302881956100464
2.278066753359341,0.0,2.2591979635871104,-0.24302881956100464
2.2941048981361076,0.0,2.275103267488304,-0.24302881956100464
2.2941048981361076,0.0,2.275103267488304,-0.25110974907875055
2.3996532293021238,0.0,2.462278044393708,-0.25110974907875055
2.3996532293021238,0.0,2.462278044393708,-0.2591906785964965
2.4718248807975725,0.0,2.6216682205582966,-0.2591906785964965
2.4859124403987862,0.0,2.63660977551983,-0.2591906785964965
2.4859124403987862,0.0,2.63660977551983,-0.26996526122093206
2.4934980494148244,0.0,2.6893246797936037,-0.26996526122093206
2.5327264846120503,0.0,2.731633916390096,-0.26996526122093206
2.5370611183355005,0.0,2.7363089701576637,-0.26996526122093206
2.5370611183355005,0.0,2.7363089701576637,-0.26996526122093206
2.623320329432163,0.0,2.829342540132271,-0.26996526122093206
2.693541395752059,0.0,2.9050784111668757,-0.26996526122093206
2.693541395752059,0.0,2.9050784111668757,-0.26996526122093206
2.6946250541829215,0.0,2.906247174608768,-0.26996526122093206
2.716948417858691,0.0,2.9303237015117443,-0.26996526122093206
2.7696142175986127,0.0,2.9871256047876975,-0.26996526122093206
2.7696142175986127,0.0,2.9871256047876975,-0.26996526122093206
2.7743823146944084,0.0,2.9922681639320228,-0.26996526122093206
2.7743823146944084,0.0,2.9922681639320228,-0.26996526122093206
2.8677936714347636,0.0,3.093015572623117,-0.26996526122093206
2.9024707412223667,0.0,3.130416002763663,-0.26996526122093206
2.955570004334634,0.0,3.187685411416373,-0.26996526122093206
2.988296488946684,0.0,3.2229820673615133,-0.26996526122093206
2.988296488946684,0.0,3.2229820673615133,-0.26996526122093206
3.0205895101863893,0.0,3.257811217929896,-0.26996526122093206
3.002817511920243,0.0,3.2386434974828666,-0.26996526122093206
3.002817511920243,0.0,3.2386434974828666,-0.26996526122093206
3.0461638491547465,0.0,3.285394035158548,-0.26996526122093206
3.059817945383615,0.0,3.3001204545263882,-0.26996526122093206
3.059817945383615,0.0,3.3001204545263882,-0.2591906785964965
3.0487646293888164,0.0,3.2335823637521752,-0.2591906785964965
3.0700043346337234,0.0,3.256109631232641,-0.2591906785964965
3.0853922843519723,0.0,3.2724304066521626,-0.2591906785964965
3.0853922843519723,0.0,3.2724304066521626,-0.2591906785964965
3.0700043346337234,0.0,3.256109631232641,-0.2591906785964965
3.0700043346337234,0.0,3.256109631232641,-0.25110974907875055
3.0799739921976594,0.0,3.16035344010829,-0.25110974907875055
3.089076723016905,0.0,3.16969372893276,-0.25110974907875055
3.089076723016905,0.0,3.16969372893276,-0.24302881956100464
3.0814911140008667,0.0,3.0559677144212287,-0.24302881956100464
3.077373211963589,0.0,3.0518839201763277,-0.24302881956100464
3.0851755526658,0.0,3.0596216355877193,-0.24302881956100464
3.0851755526658,0.0,3.0596216355877193,-0.23225423693656919
3.0780234070221066,0.0,2.91208646730542,-0.23225423693656919
3.080190723883832,0.0,2.914136943623759,-0.23225423693656919
3.0825747724317294,0.0,2.916392467573932,-0.23225423693656919
3.0825747724317294,0.0,2.916392467573932,-0.22417332231998446
3.0736887732986564,0.0,2.80327242510457,-0.22417332231998446
3.0817078456870393,0.0,2.810585997219142,-0.22417332231998446
3.0817078456870393,0.0,2.810585997219142,-0.21609237790107721
3.0942782834850453,0.0,2.7170233501548084,-0.21609237790107721
3.0814911140008667,0.0,2.705795194543746,-0.21609237790107721
3.0814911140008667,0.0,2.705795194543746,-0.17838138341903687
3.0767230169050714,0.0,2.2189056419453035,-0.17838138341903687
3.0767230169050714,0.0,2.2189056419453035,-0.15144494175910944
3.0888599913307324,0.0,1.885606799041495,-0.15144494175910944
3.0888599913307324,0.0,1.885606799041495,-0.13528306782245636
3.0888599913307324,0.0,1.885606799041495,-0.0975720584392548
3.0888599913307324,0.0,1.885606799041495,-0.051780115813016926
3.0834416991764195,0.0,1.2072646249234928,-0.051780115813016926
3.0834416991764195,0.0,1.2072646249234928,-0.02484367415308951
3.0834416991764195,0.0,1.2072646249234928,-0.0
2.9609882964889467,0.0,0.29430786586528934,-0.0
2.9609882964889467,0.0,0.29430786586528934,0.03024144470691679
2.8768964022540096,0.0,0.3481121417795972,0.03024144470691679
2.8768964022540096,0.0,0.3481121417795972,0.06525881588459015
2.8768964022540096,0.0,0.3481121417795972,0.09219525009393692
2.781751192024274,0.0,1.0287734863825488,0.09219525009393692
2.781751192024274,0.0,1.0287734863825488,0.10296982526779175
2.7017771998266147,0.0,1.116755804615214,0.10296982526779175
2.7017771998266147,0.0,1.116755804615214,0.09219525009393692
2.7017771998266147,0.0,1.116755804615214,0.08411432057619098
2.638274815778067,0.0,0.889766195155312,0.08411432057619098
2.638274815778067,0.0,0.889766195155312,0.06525881588459015
2.5457303857824014,0.0,0.6654703528934741,0.06525881588459015
2.5457303857824014,0.0,0.6654703528934741,0.06525881588459015
2.4399653229302123,0.0,0.6378226828600997,0.06525881588459015
2.4152579107065453,0.0,0.6313640058441066,0.06525881588459015
2.4152579107065453,0.0,0.6313640058441066,0.06525881588459015
2.395101863892501,0.0,0.6260950851205331,0.06525881588459015
2.377980060684872,0.0,0.6216193352585729,0.06525881588459015
2.3560901603814477,0.0,0.6158971740426491,0.06525881588459015
2.3560901603814477,0.0,0.6158971740426491,0.05717788264155388
2.3342002600780236,0.0,0.5344410589901318,0.05717788264155388
2.3175119202427394,0.0,0.5306200783455413,0.05717788264155388
2.307542262678804,0.0,0.5283374145838379,0.05717788264155388
2.307542262678804,0.0,0.5283374145838379,0.049096953123807886
2.3034243606415257,0.0,0.45272829872471027,0.049096953123807886
2.2962722149978325,0.0,0.45132257480130833,0.049096953123807886
2.2962722149978325,0.0,0.45132257480130833,0.049096953123807886
2.29432162982228,0.0,0.45093919554947154,0.049096953123807886
2.2904204594711746,0.0,0.4501724370457977,0.049096953123807886
2.2904204594711746,0.0,0.4501724370457977,0.03024144470691679
2.290203727785002,0.0,0.27712076255725504,0.03024144470691679
2.290203727785002,0.0,0.27712076255725504,0.011385938152670872
2.2854356306892067,0.0,0.10409181315053727,0.011385938152670872
2.281317728651929,0.0,0.10390426033404983,0.011385938152670872
2.281317728651929,0.0,0.10390426033404983,-0.008681812323629837
2.271781534460338,0.0,0.0788947058994934,-0.008681812323629837
2.271781534460338,0.0,0.0788947058994934,-0.051780115813016926
2.271781534460338,0.0,0.0788947058994934,-0.07063562422990803
2.2613784135240573,0.0,0.6400002615900208,-0.07063562422990803
2.2613784135240573,0.0,0.6400002615900208,-0.0814101994037628
2.2514087559601212,0.0,0.7347745296570265,-0.0814101994037628
2.2514087559601212,0.0,0.7347745296570265,-0.10834663361310957
2.338534893801474,0.0,1.0174740261246518,-0.10834663361310957
2.338534893801474,0.0,1.0174740261246518,-0.11642756313085553
2.338534893801474,0.0,1.0174740261246518,-0.13528306782245636
2.4020372778500216,0.0,1.307807925121245,-0.13528306782245636
2.3948851322063285,0.0,1.303913883658735,-0.13528306782245636
2.3948851322063285,0.0,1.303913883658735,-0.15144494175910944
2.3948851322063285,0.0,1.303913883658735,-0.16221950948238367
2.4416991764195926,0.0,1.5984104437468014,-0.16221950948238367
2.4416991764195926,0.0,1.5984104437468014,-0.17838138341903687
2.5114867793671434,0.0,1.8112622273078458,-0.17838138341903687
2.5114867793671434,0.0,1.8112622273078458,-0.2053178250789643
2.611183355006502,0.0,2.1751408441964544,-0.2053178250789643
2.611183355006502,0.0,2.1751408441964544,-0.2053178250789643
2.6922410056350237,0.0,2.2426626466308393,-0.2053178250789643
2.785218899003034,0.0,2.3201141258938107,-0.2053178250789643
2.8909839618552233,0.0,2.4082174403001746,-0.2053178250789643
2.8909839618552233,0.0,2.4082174403001746,-0.2053178250789643
2.917208495882098,0.0,2.430062729323064,-0.2053178250789643
2.943433029908973,0.0,2.4519080183459536,-0.2053178250789643
2.943433029908973,0.0,2.4519080183459536,-0.2053178250789643
2.975726051148678,0.0,2.4788084155724865,-0.2053178250789643
2.975726051148678,0.0,2.4788084155724865,-0.18915593624114987
2.9885132206328566,0.0,2.2885400240323444,-0.18915593624114987
2.9885132206328566,0.0,2.2885400240323444,-0.17838138341903687
3.006285218899003,0.0,2.1681065201058964,-0.17838138341903687
3.006285218899003,0.0,2.1681065201058964,-0.16221950948238367
3.033810143042913,0.0,1.9860242669596775,-0.16221950948238367
3.0294755093194623,0.0,1.9831866840664645,-0.16221950948238367
3.0294755093194623,0.0,1.9831866840664645,-0.15144494175910944
3.033810143042913,0.0,1.8520014014161414,-0.15144494175910944
3.0509319462505418,0.0,1.8624534739059166,-0.15144494175910944
3.0509319462505418,0.0,1.8624534739059166,-0.15144494175910944
3.0487646293888164,0.0,1.8611304267553122,-0.15144494175910944
3.046814044213264,0.0,1.8599396843197684,-0.15144494175910944
3.052232336367577,0.0,1.8632473021962794,-0.15144494175910944
3.052232336367577,0.0,1.8632473021962794,-0.15144494175910944
3.0548331166016474,0.0,1.864834958777005,-0.15144494175910944
3.0524490680537495,0.0,1.86337960691134,-0.15144494175910944
3.0524490680537495,0.0,1.86337960691134,-0.15144494175910944
3.0485478977026443,0.0,1.860998122040252,-0.15144494175910944
3.0485478977026443,0.0,1.860998122040252,-0.15144494175910944
3.0461638491547465,0.0,1.859542770174587,-0.15144494175910944
3.045513654096229,0.0,1.8591458560294056,-0.15144494175910944
3.0448634590377113,0.0,1.8587489418842242,-0.15144494175910944
3.0448634590377113,0.0,1.8587489418842242,-0.15144494175910944
3.0398786302557435,0.0,1.855705933437834,-0.15144494175910944
3.0390117035110533,0.0,1.8551767145775921,-0.15144494175910944
3.0390117035110533,0.0,1.8551767145775921,-0.15144494175910944
3.0398786302557435,0.0,1.855705933437834,-0.15144494175910944
3.0344603381014306,0.0,1.8523983155613228,-0.15144494175910944
3.0312093628088426,0.0,1.850413744835416,-0.15144494175910944
3.0312093628088426,0.0,1.850413744835416,-0.15144494175910944
3.0390117035110533,0.0,1.8551767145775921,-0.15144494175910944
3.0370611183355005,0.0,1.8539859721420482,-0.15144494175910944
3.0370611183355005,0.0,1.8539859721420482,-0.15144494175910944
3.0307758994364975,0.0,1.850149135405295,-0.15144494175910944
3.0370611183355005,0.0,1.8539859721420482,-0.15144494175910944
3.0370611183355005,0.0,1.8539859721420482,-0.15144494175910944
3.0394451668833984,0.0,1.8554413240077132,-0.15144494175910944
3.0394451668833984,0.0,1.8554413240077132,-0.16221950948238367
3.0374945817078456,0.0,1.9884362124189083,-0.16221950948238367
3.0374945817078456,0.0,1.9884362124189083,-0.15144494175910944
3.034677069787603,0.0,1.8525306202763834,-0.15144494175910944
3.0331599479843954,0.0,1.85160448727096,-0.15144494175910944
3.0331599479843954,0.0,1.85160448727096,-0.15144494175910944
3.035977459904638,0.0,1.8533244485667457,-0.15144494175910944
3.041395752058951,0.0,1.8566320664432572,-0.15144494175910944
3.041395752058951,0.0,1.8566320664432572,-0.15144494175910944
3.0385782401387083,0.0,1.8549121051474713,-0.15144494175910944
3.0385782401387083,0.0,1.8549121051474713,-0.15144494175910944
3.0385782401387083,0.0,1.8549121051474713,-0.16221950948238367
3.033810143042913,0.0,1.9860242669596775,-0.16221950948238367
3.038144776766363,0.0,1.9888618498528903,-0.16221950948238367
3.038144776766363,0.0,1.9888618498528903,-0.15144494175910944
3.038144776766363,0.0,1.9888618498528903,-0.15144494175910944
3.0416124837451237,0.0,1.8567643711583177,-0.15144494175910944
3.0416124837451237,0.0,1.8567643711583177,-0.15144494175910944
3.030559167750325,0.0,1.8500168306902347,-0.15144494175910944
3.030559167750325,0.0,1.8500168306902347,-0.16221950948238367
3.030559167750325,0.0,1.9838960797897678,-0.16221950948238367
3.030559167750325,0.0,1.9838960797897678,-0.16221950948238367
3.0383615084525357,0.0,1.9890037289975508,-0.16221950948238367
3.0383615084525357,0.0,1.9890037289975508,-0.15144494175910944
3.035977459904638,0.0,1.9874430584062837,-0.15144494175910944
3.035977459904638,0.0,1.9874430584062837,-0.16221950948238367
3.031426094495015,0.0,1.8505460495504764,-0.16221950948238367
3.0390117035110533,0.0,1.9894293664315328,-0.16221950948238367
3.0390117035110533,0.0,1.9894293664315328,-0.16221950948238367
3.0390117035110533,0.0,1.9894293664315328,-0.16221950948238367
3.0340268747290855,0.0,1.986166146104338,-0.16221950948238367
3.0286085825747726,0.0,1.9826191674878222,-0.16221950948238367
3.0286085825747726,0.0,1.9826191674878222,-0.1703004390001297
3.0294755093194623,0.0,2.083868715692064,-0.1703004390001297
3.0294755093194623,0.0,2.083868715692064,-0.1703004390001297
3.03012570437798,0.0,2.084315961803602,-0.1703004390001297
3.078240138708279,0.0,2.1174121740574035,-0.1703004390001297
3.0537494581707847,0.0,2.100565903856144,-0.1703004390001297
3.0537494581707847,0.0,2.100565903856144,-0.1703004390001297
3.052232336367577,0.0,2.099522329595889,-0.1703004390001297
3.1536627654963154,0.0,2.1692927229957952,-0.1703004390001297
3.1536627654963154,0.0,2.1692927229957952,-0.1703004390001297
3.135457303857824,0.0,2.1567698318727353,-0.1703004390001297
3.135457303857824,0.0,2.1567698318727353,-0.1703004390001297
3.208929345470308,0.0,2.207308642476513,-0.1703004390001297
3.208929345470308,0.0,2.207308642476513,-0.1703004390001297
3.3092761161681836,0.0,2.2763336256905227,-0.1703004390001297
3.391200693541396,0.0,2.332686635744293,-0.1703004390001297
3.391200693541396,0.0,2.332686635744293,-0.1703004390001297
3.3749458170784568,0.0,2.3215054829558466,-0.1703004390001297
3.400086692674469,0.0,2.3387989992686435,-0.1703004390001297
3.400086692674469,0.0,2.3387989992686435,-0.1703004390001297
3.4696575639358476,0.0,2.386654333203195,-0.1703004390001297
3.4737754659731253,0.0,2.389486891909601,-0.1703004390001297
3.4644560034677068,0.0,2.3830763643108916,-0.1703004390001297
3.4644560034677068,0.0,2.3830763643108916,-0.1703004390001297
3.486996098829649,0.0,2.3985808961775374,-0.1703004390001297
3.507585609016038,0.0,2.4127436897095698,-0.1703004390001297
3.507585609016038,0.0,2.4127436897095698,-0.1703004390001297
3.499566536627655,0.0,2.407227654333936,-0.1703004390001297
3.50346770697876,0.0,2.409911131003163,-0.1703004390001297
3.522106631989597,0.0,2.422732186200582,-0.1703004390001297
3.522106631989597,0.0,2.422732186200582,-0.1703004390001297
3.524707412223667,0.0,2.4245211706467336,-0.1703004390001297
3.5143042912873863,0.0,2.4173652328621276,-0.1703004390001297
3.5143042912873863,0.0,2.4173652328621276,-0.1703004390001297
3.5169050715214563,0.0,2.419154217308279,-0.1703004390001297
3.520806241872562,0.0,2.4218376939775066,-0.1703004390001297
3.5169050715214563,0.0,2.419154217308279,-0.1703004390001297
3.5169050715214563,0.0,2.419154217308279,-0.1703004390001297
3.517988729952319,0.0,2.4198996274941753,-0.1703004390001297
3.519722583441699,0.0,2.42109228379161,-0.1703004390001297
3.519289120069354,0.0,2.420794119717251,-0.1703004390001297
3.519289120069354,0.0,2.420794119717251,-0.15144494175910944
3.5143042912873863,0.0,2.145320954705153,-0.15144494175910944
3.5182054616384915,0.0,2.147702439576241,-0.15144494175910944
3.5186389250108365,0.0,2.147967049006362,-0.15144494175910944
3.5186389250108365,0.0,2.147967049006362,-0.15144494175910944
3.5108365843086258,0.0,2.1432040792641858,-0.15144494175910944
3.5108365843086258,0.0,2.1432040792641858,-0.15144494175910944
3.514521022973559,0.0,2.1454532594202136,-0.15144494175910944
3.515821413090594,0.0,2.1462470877105764,-0.15144494175910944
3.515821413090594,0.0,2.1462470877105764,-0.15144494175910944
3.5108365843086258,0.0,2.1432040792641858,-0.15144494175910944
3.504984828781968,0.0,2.139631851957554,-0.15144494175910944
3.5099696575639356,0.0,2.142674860403944,-0.15144494175910944
3.5099696575639356,0.0,2.142674860403944,-0.15144494175910944
3.5143042912873863,0.0,2.145320954705153,-0.15144494175910944
3.50433463372345,0.0,2.1392349378123723,-0.15144494175910944
3.50433463372345,0.0,2.1392349378123723,-0.15144494175910944
3.5132206328565236,0.0,2.144659431129851,-0.15144494175910944
3.5151712180320764,0.0,2.145850173565395,-0.15144494175910944
3.507152145643693,0.0,2.1409548991081584,-0.15144494175910944
3.507152145643693,0.0,2.1409548991081584,-0.15144494175910944
3.507152145643693,0.0,2.1409548991081584,-0.15144494175910944
3.5127871694841786,0.0,2.14439482169973,-0.15144494175910944
3.5127871694841786,0.0,2.14439482169973,-0.15144494175910944
3.5138708279150412,0.0,2.1450563452750324,-0.15144494175910944
3.50433463372345,0.0,2.1392349378123723,-0.15144494175910944
3.5069354139575206,0.0,2.140822594393098,-0.15144494175910944
3.5132206328565236,0.0,2.144659431129851,-0.15144494175910944
3.5132206328565236,0.0,2.144659431129851,-0.1433640122413635
3.5032509752925876,0.0,2.022838115141518,-0.1433640122413635
3.5032509752925876,0.0,2.022838115141518,-0.13528306782245636
3.5017338534893803,0.0,1.906546300296306,-0.13528306782245636
3.507585609016038,0.0,1.909732334220178,-0.13528306782245636
3.5078023407022108,0.0,1.9098503354766176,-0.13528306782245636
3.5078023407022108,0.0,1.9098503354766176,-0.13528306782245636
3.505851755526658,0.0,1.9087883241686603,-0.13528306782245636
3.505851755526658,0.0,1.9087883241686603,-0.13528306782245636
3.506718682271348,0.0,1.909260329194419,-0.13528306782245636
3.506718682271348,0.0,1.909260329194419,-0.12450850009918212
3.5073688773298657,0.0,1.9096143329637383,-0.12450850009918212
3.5032509752925876,0.0,1.7538102140190945,-0.12450850009918212
3.5032509752925876,0.0,1.7538102140190945,-0.13528306782245636
3.5036844386649326,0.0,1.907608311604263,-0.13528306782245636
3.5099696575639356,0.0,1.9110303480410145,-0.13528306782245636
3.5099696575639356,0.0,1.9110303480410145,-0.13528306782245636
3.5073688773298657,0.0,1.9096143329637383,-0.13528306782245636
3.507152145643693,0.0,1.9094963317072986,-0.13528306782245636
3.5110533159947983,0.0,1.911620354323213,-0.13528306782245636
3.5110533159947983,0.0,1.911620354323213,-0.13528306782245636
3.5099696575639356,0.0,1.9110303480410145,-0.13528306782245636
3.5047680970957953,0.0,1.9081983178864617,-0.13528306782245636
3.5047680970957953,0.0,1.9081983178864617,-0.13528306782245636
3.5073688773298657,0.0,1.9096143329637383,-0.13528306782245636
3.5143042912873863,0.0,1.9133903731698088,-0.13528306782245636
3.5099696575639356,0.0,1.9110303480410145,-0.13528306782245636
3.5099696575639356,0.0,1.9110303480410145,-0.13528306782245636
3.5088859991330734,0.0,1.9104403417588163,-0.13528306782245636
3.512570437798006,0.0,1.912446363118291,-0.13528306782245636
3.512570437798006,0.0,1.912446363118291,-0.1433640122413635
3.509752925877763,0.0,2.026592454627675,-0.1433640122413635
3.567620286085826,0.0,2.0600060760544747,-0.1433640122413635
3.5437798006068486,0.0,2.0462401646052313,-0.1433640122413635
3.5437798006068486,0.0,2.0462401646052313,-0.1433640122413635
3.5708712613784135,0.0,2.0618832457975533,-0.1433640122413635
3.576506285218899,0.0,2.065137006685556,-0.1433640122413635
3.576506285218899,0.0,2.065137006685556,-0.1433640122413635
3.5641525791070654,0.0,2.0580037616618574,-0.1433640122413635
3.5758560901603813,0.0,2.0647615727369404,-0.1433640122413635
3.5758560901603813,0.0,2.0647615727369404,-0.1433640122413635
3.636324230602514,0.0,2.099676929958203,-0.1433640122413635
3.608365843086259,0.0,2.0835332701677265,-0.1433640122413635
3.608365843086259,0.0,2.0835332701677265,-0.1433640122413635
3.652145643693108,0.0,2.108812489374519,-0.1433640122413635
3.6595145210229734,0.0,2.1130674074588303,-0.1433640122413635
3.6404421326397918,0.0,2.1020546782994356,-0.1433640122413635
3.6404421326397918,0.0,2.1020546782994356,-0.1433640122413635
3.658430862592111,0.0,2.1124416842111375,-0.1433640122413635
3.7028608582574774,0.0,2.1380963373665454,-0.1433640122413635
3.7028608582574774,0.0,2.1380963373665454,-0.1433640122413635
3.6965756393584743,0.0,2.1344671425299264,-0.1433640122413635
3.681837884698743,0.0,2.1259573063613035,-0.1433640122413635
3.681837884698743,0.0,2.1259573063613035,-0.12450850009918212
3.7013437364542696,0.0,1.8529801308474447,-0.12450850009918212
3.7108799306458606,0.0,1.8577541749836017,-0.12450850009918212
3.7013437364542696,0.0,1.8529801308474447,-0.12450850009918212
3.7013437364542696,0.0,1.8529801308474447,-0.12450850009918212
3.70654529692241,0.0,1.8555841549217122,-0.12450850009918212
3.70654529692241,0.0,1.8555841549217122,-0.13528306782245636
3.70654529692241,0.0,1.8555841549217122,-0.12450850009918212
3.711530125704378,0.0,1.858079677992885,-0.12450850009918212
3.708929345470308,0.0,1.8567776659557516,-0.12450850009918212
3.7113133940182053,0.0,1.8579711769897906,-0.12450850009918212
3.7113133940182053,0.0,1.8579711769897906,-0.12450850009918212
3.7121803207628954,0.0,1.8584051810021684,-0.12450850009918212
3.7143476376246207,0.0,1.8594901910331132,-0.12450850009918212
3.7143476376246207,0.0,1.8594901910331132,-0.12450850009918212
3.716514954486346,0.0,1.8605752010640582,-0.12450850009918212
3.716948417858691,0.0,1.860792203070247,-0.12450850009918212
3.712397052449068,0.0,1.858513682005263,-0.12450850009918212
3.712397052449068,0.0,1.858513682005263,-0.12450850009918212
3.7139141742522757,0.0,1.8592731890269243,-0.12450850009918212
3.7139141742522757,0.0,1.8592731890269243,-0.11642756313085553
3.7162982228001735,0.0,1.7385809993366912,-0.11642756313085553
3.710229735587343,0.0,1.735742003128525,-0.11642756313085553
3.7167316861725186,0.0,1.7387837847801315,-0.11642756313085553
3.7167316861725186,0.0,1.7387837847801315,-0.11642756313085553
3.7149978326831383,0.0,1.7379726430063698,-0.11642756313085553
